STRUCTURE,STRUCTURE_ID,STRUCTURE_NAME,ACTION,REF_AREA,Reference area,FREQ,Frequency of observation,MEASURE,Measure,UNIT_MEASURE,Unit of measure,FLEET_SIZE,Fleet size,TIME_PERIOD,Time period,OBS_VALUE,Observation value,OBS_STATUS,Observation status,CONF_STATUS,Confidentiality status,UNIT_MULT,Unit multiplier,DECIMALS,Decimals,CONVENTION,Agricultural convention
DATAFLOW,OECD.TAD.ARP:DSD_FISH_FLEET@DF_FISH_FLEET(1.0),Fishing fleet,I,FRA,France,A,Annual,VES,Vessels,VS,Vessels,_T,Total,2018,,6373,,A,Normal value,,,0,Units,0,Zero,,
DATAFLOW,OECD.TAD.ARP:DSD_FISH_FLEET@DF_FISH_FLEET(1.0),Fishing fleet,I,FRA,France,A,Annual,VES,Vessels,VS,Vessels,_T,Total,2019,,6237,,A,Normal value,,,0,Units,0,Zero,,
DATAFLOW,OECD.TAD.ARP:DSD_FISH_FLEET@DF_FISH_FLEET(1.0),Fishing fleet,I,CRI,Costa Rica,A,Annual,VES,Vessels,VS,Vessels,_T,Total,2011,,3771,,A,Normal value,,,0,Units,0,Zero,,
DATAFLOW,OECD.TAD.ARP:DSD_FISH_FLEET@DF_FISH_FLEET(1.0),Fishing fleet,I,CRI,Costa Rica,A,Annual,VES,Vessels,VS,Vessels,_T,Total,2012,,1345,,A,Normal value,,,0,Units,0,Zero,,
DATAFLOW,OECD.TAD.ARP:DSD_FISH_FLEET@DF_FISH_FLEET(1.0),Fishing fleet,I,CRI,Costa Rica,A,Annual,VES,Vessels,VS,Vessels,_T,Total,2013,,1552,,A,Normal value,,,0,Units,0,Zero,,
DATAFLOW,OECD.TAD.ARP:DSD_FISH_FLEET@DF_FISH_FLEET(1.0),Fishing fleet,I,CRI,Costa Rica,A,Annual,VES,Vessels,VS,Vessels,_T,Total,2014,,1703,,A,Normal value,,,0,Units,0,Zero,,
DATAFLOW,OECD.TAD.ARP:DSD_FISH_FLEET@DF_FISH_FLEET(1.0),Fishing fleet,I,CRI,Costa Rica,A,Annual,VES,Vessels,VS,Vessels,_T,Total,2015,,1912,,A,Normal value,,,0,Units,0,Zero,,
DATAFLOW,OECD.TAD.ARP:DSD_FISH_FLEET@DF_FISH_FLEET(1.0),Fishing fleet,I,CRI,Costa Rica,A,Annual,VES,Vessels,VS,Vessels,_T,Total,2016,,1574,,A,Normal value,,,0,Units,0,Zero,,
DATAFLOW,OECD.TAD.ARP:DSD_FISH_FLEET@DF_FISH_FLEET(1.0),Fishing fleet,I,NZL,New Zealand,A,Annual,VES,Vessels,VS,Vessels,_T,Total,2018,,1168,,A,Normal value,,,0,Units,0,Zero,,
DATAFLOW,OECD.TAD.ARP:DSD_FISH_FLEET@DF_FISH_FLEET(1.0),Fishing fleet,I,CRI,Costa Rica,A,Annual,VES,Vessels,VS,Vessels,_T,Total,2019,,2715,,A,Normal value,,,0,Units,0,Zero,,
DATAFLOW,OECD.TAD.ARP:DSD_FISH_FLEET@DF_FISH_FLEET(1.0),Fishing fleet,I,CRI,Costa Rica,A,Annual,VES,Vessels,VS,Vessels,_T,Total,2020,,2803,,A,Normal value,,,0,Units,0,Zero,,
DATAFLOW,OECD.TAD.ARP:DSD_FISH_FLEET@DF_FISH_FLEET(1.0),Fishing fleet,I,LVA,Latvia,A,Annual,VES,Vessels,VS,Vessels,_T,Total,2010,,786,,A,Normal value,,,0,Units,0,Zero,,
DATAFLOW,OECD.TAD.ARP:DSD_FISH_FLEET@DF_FISH_FLEET(1.0),Fishing fleet,I,LVA,Latvia,A,Annual,VES,Vessels,VS,Vessels,_T,Total,2011,,731,,A,Normal value,,,0,Units,0,Zero,,
DATAFLOW,OECD.TAD.ARP:DSD_FISH_FLEET@DF_FISH_FLEET(1.0),Fishing fleet,I,LVA,Latvia,A,Annual,VES,Vessels,VS,Vessels,_T,Total,2012,,715,,A,Normal value,,,0,Units,0,Zero,,
DATAFLOW,OECD.TAD.ARP:DSD_FISH_FLEET@DF_FISH_FLEET(1.0),Fishing fleet,I,LVA,Latvia,A,Annual,VES,Vessels,VS,Vessels,_T,Total,2013,,703,,A,Normal value,,,0,Units,0,Zero,,
DATAFLOW,OECD.TAD.ARP:DSD_FISH_FLEET@DF_FISH_FLEET(1.0),Fishing fleet,I,LVA,Latvia,A,Annual,VES,Vessels,VS,Vessels,_T,Total,2014,,700,,A,Normal value,,,0,Units,0,Zero,,
DATAFLOW,OECD.TAD.ARP:DSD_FISH_FLEET@DF_FISH_FLEET(1.0),Fishing fleet,I,LVA,Latvia,A,Annual,VES,Vessels,VS,Vessels,_T,Total,2015,,686,,A,Normal value,,,0,Units,0,Zero,,
DATAFLOW,OECD.TAD.ARP:DSD_FISH_FLEET@DF_FISH_FLEET(1.0),Fishing fleet,I,LVA,Latvia,A,Annual,VES,Vessels,VS,Vessels,_T,Total,2016,,686,,A,Normal value,,,0,Units,0,Zero,,
DATAFLOW,OECD.TAD.ARP:DSD_FISH_FLEET@DF_FISH_FLEET(1.0),Fishing fleet,I,LVA,Latvia,A,Annual,VES,Vessels,VS,Vessels,_T,Total,2017,,675,,A,Normal value,,,0,Units,0,Zero,,
DATAFLOW,OECD.TAD.ARP:DSD_FISH_FLEET@DF_FISH_FLEET(1.0),Fishing fleet,I,LVA,Latvia,A,Annual,VES,Vessels,VS,Vessels,_T,Total,2018,,671,,A,Normal value,,,0,Units,0,Zero,,
DATAFLOW,OECD.TAD.ARP:DSD_FISH_FLEET@DF_FISH_FLEET(1.0),Fishing fleet,I,LVA,Latvia,A,Annual,VES,Vessels,VS,Vessels,_T,Total,2019,,663,,A,Normal value,,,0,Units,0,Zero,,
DATAFLOW,OECD.TAD.ARP:DSD_FISH_FLEET@DF_FISH_FLEET(1.0),Fishing fleet,I,LVA,Latvia,A,Annual,VES,Vessels,VS,Vessels,_T,Total,2020,,663,,A,Normal value,,,0,Units,0,Zero,,
DATAFLOW,OECD.TAD.ARP:DSD_FISH_FLEET@DF_FISH_FLEET(1.0),Fishing fleet,I,TUR,Türkiye,A,Annual,VES,Vessels,VS,Vessels,_T,Total,2010,,17440,,A,Normal value,,,0,Units,0,Zero,,
DATAFLOW,OECD.TAD.ARP:DSD_FISH_FLEET@DF_FISH_FLEET(1.0),Fishing fleet,I,CRI,Costa Rica,A,Annual,VES,Vessels,VS,Vessels,_T,Total,2010,,5035,,A,Normal value,,,0,Units,0,Zero,,
DATAFLOW,OECD.TAD.ARP:DSD_FISH_FLEET@DF_FISH_FLEET(1.0),Fishing fleet,I,TUR,Türkiye,A,Annual,VES,Vessels,VS,Vessels,_T,Total,2015,,15680,,A,Normal value,,,0,Units,0,Zero,,
DATAFLOW,OECD.TAD.ARP:DSD_FISH_FLEET@DF_FISH_FLEET(1.0),Fishing fleet,I,TUR,Türkiye,A,Annual,VES,Vessels,VS,Vessels,_T,Total,2016,,15663,,A,Normal value,,,0,Units,0,Zero,,
DATAFLOW,OECD.TAD.ARP:DSD_FISH_FLEET@DF_FISH_FLEET(1.0),Fishing fleet,I,TUR,Türkiye,A,Annual,VES,Vessels,VS,Vessels,_T,Total,2017,,15406,,A,Normal value,,,0,Units,0,Zero,,
DATAFLOW,OECD.TAD.ARP:DSD_FISH_FLEET@DF_FISH_FLEET(1.0),Fishing fleet,I,TUR,Türkiye,A,Annual,VES,Vessels,VS,Vessels,_T,Total,2018,,15352,,A,Normal value,,,0,Units,0,Zero,,
DATAFLOW,OECD.TAD.ARP:DSD_FISH_FLEET@DF_FISH_FLEET(1.0),Fishing fleet,I,TUR,Türkiye,A,Annual,VES,Vessels,VS,Vessels,_T,Total,2019,,15315,,A,Normal value,,,0,Units,0,Zero,,
DATAFLOW,OECD.TAD.ARP:DSD_FISH_FLEET@DF_FISH_FLEET(1.0),Fishing fleet,I,TUR,Türkiye,A,Annual,VES,Vessels,VS,Vessels,_T,Total,2020,,15302,,A,Normal value,,,0,Units,0,Zero,,
DATAFLOW,OECD.TAD.ARP:DSD_FISH_FLEET@DF_FISH_FLEET(1.0),Fishing fleet,I,GBR,United Kingdom,A,Annual,VES,Vessels,VS,Vessels,_T,Total,2010,,6460,,A,Normal value,,,0,Units,0,Zero,,
DATAFLOW,OECD.TAD.ARP:DSD_FISH_FLEET@DF_FISH_FLEET(1.0),Fishing fleet,I,GBR,United Kingdom,A,Annual,VES,Vessels,VS,Vessels,_T,Total,2011,,6389,,A,Normal value,,,0,Units,0,Zero,,
DATAFLOW,OECD.TAD.ARP:DSD_FISH_FLEET@DF_FISH_FLEET(1.0),Fishing fleet,I,GBR,United Kingdom,A,Annual,VES,Vessels,VS,Vessels,_T,Total,2012,,6360,,A,Normal value,,,0,Units,0,Zero,,
DATAFLOW,OECD.TAD.ARP:DSD_FISH_FLEET@DF_FISH_FLEET(1.0),Fishing fleet,I,GBR,United Kingdom,A,Annual,VES,Vessels,VS,Vessels,_T,Total,2013,,6303,,A,Normal value,,,0,Units,0,Zero,,
DATAFLOW,OECD.TAD.ARP:DSD_FISH_FLEET@DF_FISH_FLEET(1.0),Fishing fleet,I,GBR,United Kingdom,A,Annual,VES,Vessels,VS,Vessels,_T,Total,2014,,6276,,A,Normal value,,,0,Units,0,Zero,,
DATAFLOW,OECD.TAD.ARP:DSD_FISH_FLEET@DF_FISH_FLEET(1.0),Fishing fleet,I,GBR,United Kingdom,A,Annual,VES,Vessels,VS,Vessels,_T,Total,2015,,6232,,A,Normal value,,,0,Units,0,Zero,,
DATAFLOW,OECD.TAD.ARP:DSD_FISH_FLEET@DF_FISH_FLEET(1.0),Fishing fleet,I,GBR,United Kingdom,A,Annual,VES,Vessels,VS,Vessels,_T,Total,2016,,6197,,A,Normal value,,,0,Units,0,Zero,,
DATAFLOW,OECD.TAD.ARP:DSD_FISH_FLEET@DF_FISH_FLEET(1.0),Fishing fleet,I,GBR,United Kingdom,A,Annual,VES,Vessels,VS,Vessels,_T,Total,2017,,6151,,A,Normal value,,,0,Units,0,Zero,,
DATAFLOW,OECD.TAD.ARP:DSD_FISH_FLEET@DF_FISH_FLEET(1.0),Fishing fleet,I,GBR,United Kingdom,A,Annual,VES,Vessels,VS,Vessels,_T,Total,2018,,6046,,A,Normal value,,,0,Units,0,Zero,,
DATAFLOW,OECD.TAD.ARP:DSD_FISH_FLEET@DF_FISH_FLEET(1.0),Fishing fleet,I,GBR,United Kingdom,A,Annual,VES,Vessels,VS,Vessels,_T,Total,2019,,5964,,A,Normal value,,,0,Units,0,Zero,,
DATAFLOW,OECD.TAD.ARP:DSD_FISH_FLEET@DF_FISH_FLEET(1.0),Fishing fleet,I,GBR,United Kingdom,A,Annual,VES,Vessels,VS,Vessels,_T,Total,2020,,5824,,A,Normal value,,,0,Units,0,Zero,,
DATAFLOW,OECD.TAD.ARP:DSD_FISH_FLEET@DF_FISH_FLEET(1.0),Fishing fleet,I,COL,Colombia,A,Annual,VES,Vessels,VS,Vessels,_T,Total,2010,,158,,A,Normal value,,,0,Units,0,Zero,,
DATAFLOW,OECD.TAD.ARP:DSD_FISH_FLEET@DF_FISH_FLEET(1.0),Fishing fleet,I,COL,Colombia,A,Annual,VES,Vessels,VS,Vessels,_T,Total,2011,,143,,A,Normal value,,,0,Units,0,Zero,,
DATAFLOW,OECD.TAD.ARP:DSD_FISH_FLEET@DF_FISH_FLEET(1.0),Fishing fleet,I,COL,Colombia,A,Annual,VES,Vessels,VS,Vessels,_T,Total,2012,,135,,A,Normal value,,,0,Units,0,Zero,,
DATAFLOW,OECD.TAD.ARP:DSD_FISH_FLEET@DF_FISH_FLEET(1.0),Fishing fleet,I,COL,Colombia,A,Annual,VES,Vessels,VS,Vessels,_T,Total,2013,,134,,A,Normal value,,,0,Units,0,Zero,,
DATAFLOW,OECD.TAD.ARP:DSD_FISH_FLEET@DF_FISH_FLEET(1.0),Fishing fleet,I,COL,Colombia,A,Annual,VES,Vessels,VS,Vessels,_T,Total,2014,,134,,A,Normal value,,,0,Units,0,Zero,,
DATAFLOW,OECD.TAD.ARP:DSD_FISH_FLEET@DF_FISH_FLEET(1.0),Fishing fleet,I,COL,Colombia,A,Annual,VES,Vessels,VS,Vessels,_T,Total,2015,,133,,A,Normal value,,,0,Units,0,Zero,,
DATAFLOW,OECD.TAD.ARP:DSD_FISH_FLEET@DF_FISH_FLEET(1.0),Fishing fleet,I,COL,Colombia,A,Annual,VES,Vessels,VS,Vessels,_T,Total,2016,,175,,A,Normal value,,,0,Units,0,Zero,,
DATAFLOW,OECD.TAD.ARP:DSD_FISH_FLEET@DF_FISH_FLEET(1.0),Fishing fleet,I,COL,Colombia,A,Annual,VES,Vessels,VS,Vessels,_T,Total,2017,,124,,A,Normal value,,,0,Units,0,Zero,,
DATAFLOW,OECD.TAD.ARP:DSD_FISH_FLEET@DF_FISH_FLEET(1.0),Fishing fleet,I,COL,Colombia,A,Annual,VES,Vessels,VS,Vessels,_T,Total,2018,,120,,A,Normal value,,,0,Units,0,Zero,,
DATAFLOW,OECD.TAD.ARP:DSD_FISH_FLEET@DF_FISH_FLEET(1.0),Fishing fleet,I,COL,Colombia,A,Annual,VES,Vessels,VS,Vessels,_T,Total,2019,,118,,A,Normal value,,,0,Units,0,Zero,,
DATAFLOW,OECD.TAD.ARP:DSD_FISH_FLEET@DF_FISH_FLEET(1.0),Fishing fleet,I,COL,Colombia,A,Annual,VES,Vessels,VS,Vessels,_T,Total,2020,,46,,A,Normal value,,,0,Units,0,Zero,,
DATAFLOW,OECD.TAD.ARP:DSD_FISH_FLEET@DF_FISH_FLEET(1.0),Fishing fleet,I,LTU,Lithuania,A,Annual,VES,Vessels,VS,Vessels,_T,Total,2010,,171,,A,Normal value,,,0,Units,0,Zero,,
DATAFLOW,OECD.TAD.ARP:DSD_FISH_FLEET@DF_FISH_FLEET(1.0),Fishing fleet,I,LTU,Lithuania,A,Annual,VES,Vessels,VS,Vessels,_T,Total,2011,,151,,A,Normal value,,,0,Units,0,Zero,,
DATAFLOW,OECD.TAD.ARP:DSD_FISH_FLEET@DF_FISH_FLEET(1.0),Fishing fleet,I,LTU,Lithuania,A,Annual,VES,Vessels,VS,Vessels,_T,Total,2012,,146,,A,Normal value,,,0,Units,0,Zero,,
DATAFLOW,OECD.TAD.ARP:DSD_FISH_FLEET@DF_FISH_FLEET(1.0),Fishing fleet,I,CRI,Costa Rica,A,Annual,VES,Vessels,VS,Vessels,_T,Total,2017,,2644,,A,Normal value,,,0,Units,0,Zero,,
DATAFLOW,OECD.TAD.ARP:DSD_FISH_FLEET@DF_FISH_FLEET(1.0),Fishing fleet,I,CRI,Costa Rica,A,Annual,VES,Vessels,VS,Vessels,_T,Total,2018,,3155,,A,Normal value,,,0,Units,0,Zero,,
DATAFLOW,OECD.TAD.ARP:DSD_FISH_FLEET@DF_FISH_FLEET(1.0),Fishing fleet,I,JPN,Japan,A,Annual,VES,Vessels,VS,Vessels,_T,Total,2010,,292822,,A,Normal value,,,0,Units,0,Zero,,
DATAFLOW,OECD.TAD.ARP:DSD_FISH_FLEET@DF_FISH_FLEET(1.0),Fishing fleet,I,JPN,Japan,A,Annual,VES,Vessels,VS,Vessels,_T,Total,2011,,268679,,A,Normal value,,,0,Units,0,Zero,,
DATAFLOW,OECD.TAD.ARP:DSD_FISH_FLEET@DF_FISH_FLEET(1.0),Fishing fleet,I,JPN,Japan,A,Annual,VES,Vessels,VS,Vessels,_T,Total,2012,,269736,,A,Normal value,,,0,Units,0,Zero,,
DATAFLOW,OECD.TAD.ARP:DSD_FISH_FLEET@DF_FISH_FLEET(1.0),Fishing fleet,I,JPN,Japan,A,Annual,VES,Vessels,VS,Vessels,_T,Total,2013,,262742,,A,Normal value,,,0,Units,0,Zero,,
DATAFLOW,OECD.TAD.ARP:DSD_FISH_FLEET@DF_FISH_FLEET(1.0),Fishing fleet,I,JPN,Japan,A,Annual,VES,Vessels,VS,Vessels,_T,Total,2014,,257045,,A,Normal value,,,0,Units,0,Zero,,
DATAFLOW,OECD.TAD.ARP:DSD_FISH_FLEET@DF_FISH_FLEET(1.0),Fishing fleet,I,JPN,Japan,A,Annual,VES,Vessels,VS,Vessels,_T,Total,2015,,250817,,A,Normal value,,,0,Units,0,Zero,,
DATAFLOW,OECD.TAD.ARP:DSD_FISH_FLEET@DF_FISH_FLEET(1.0),Fishing fleet,I,JPN,Japan,A,Annual,VES,Vessels,VS,Vessels,_T,Total,2016,,244569,,A,Normal value,,,0,Units,0,Zero,,
DATAFLOW,OECD.TAD.ARP:DSD_FISH_FLEET@DF_FISH_FLEET(1.0),Fishing fleet,I,JPN,Japan,A,Annual,VES,Vessels,VS,Vessels,_T,Total,2017,,237503,,A,Normal value,,,0,Units,0,Zero,,
DATAFLOW,OECD.TAD.ARP:DSD_FISH_FLEET@DF_FISH_FLEET(1.0),Fishing fleet,I,JPN,Japan,A,Annual,VES,Vessels,VS,Vessels,_T,Total,2018,,230504,,A,Normal value,,,0,Units,0,Zero,,
DATAFLOW,OECD.TAD.ARP:DSD_FISH_FLEET@DF_FISH_FLEET(1.0),Fishing fleet,I,JPN,Japan,A,Annual,VES,Vessels,VS,Vessels,_T,Total,2019,,225276,,A,Normal value,,,0,Units,0,Zero,,
DATAFLOW,OECD.TAD.ARP:DSD_FISH_FLEET@DF_FISH_FLEET(1.0),Fishing fleet,I,JPN,Japan,A,Annual,VES,Vessels,VS,Vessels,_T,Total,2020,,219485,,A,Normal value,,,0,Units,0,Zero,,
DATAFLOW,OECD.TAD.ARP:DSD_FISH_FLEET@DF_FISH_FLEET(1.0),Fishing fleet,I,VNM,Viet Nam,A,Annual,VES,Vessels,VS,Vessels,_T,Total,2010,,128538,,A,Normal value,,,0,Units,0,Zero,,
DATAFLOW,OECD.TAD.ARP:DSD_FISH_FLEET@DF_FISH_FLEET(1.0),Fishing fleet,I,VNM,Viet Nam,A,Annual,VES,Vessels,VS,Vessels,_T,Total,2011,,127784,,A,Normal value,,,0,Units,0,Zero,,
DATAFLOW,OECD.TAD.ARP:DSD_FISH_FLEET@DF_FISH_FLEET(1.0),Fishing fleet,I,VNM,Viet Nam,A,Annual,VES,Vessels,VS,Vessels,_T,Total,2012,,124568,,A,Normal value,,,0,Units,0,Zero,,
DATAFLOW,OECD.TAD.ARP:DSD_FISH_FLEET@DF_FISH_FLEET(1.0),Fishing fleet,I,VNM,Viet Nam,A,Annual,VES,Vessels,VS,Vessels,_T,Total,2013,,118789,,A,Normal value,,,0,Units,0,Zero,,
DATAFLOW,OECD.TAD.ARP:DSD_FISH_FLEET@DF_FISH_FLEET(1.0),Fishing fleet,I,VNM,Viet Nam,A,Annual,VES,Vessels,VS,Vessels,_T,Total,2014,,112939,,A,Normal value,,,0,Units,0,Zero,,
DATAFLOW,OECD.TAD.ARP:DSD_FISH_FLEET@DF_FISH_FLEET(1.0),Fishing fleet,I,VNM,Viet Nam,A,Annual,VES,Vessels,VS,Vessels,_T,Total,2015,,109356,,A,Normal value,,,0,Units,0,Zero,,
DATAFLOW,OECD.TAD.ARP:DSD_FISH_FLEET@DF_FISH_FLEET(1.0),Fishing fleet,I,VNM,Viet Nam,A,Annual,VES,Vessels,VS,Vessels,_T,Total,2016,,110950,,A,Normal value,,,0,Units,0,Zero,,
DATAFLOW,OECD.TAD.ARP:DSD_FISH_FLEET@DF_FISH_FLEET(1.0),Fishing fleet,I,VNM,Viet Nam,A,Annual,VES,Vessels,VS,Vessels,_T,Total,2017,,109586,,A,Normal value,,,0,Units,0,Zero,,
DATAFLOW,OECD.TAD.ARP:DSD_FISH_FLEET@DF_FISH_FLEET(1.0),Fishing fleet,I,BRA,Brazil,A,Annual,VES,Vessels,VS,Vessels,_T,Total,2010,,1326,,A,Normal value,,,0,Units,0,Zero,,
DATAFLOW,OECD.TAD.ARP:DSD_FISH_FLEET@DF_FISH_FLEET(1.0),Fishing fleet,I,BRA,Brazil,A,Annual,VES,Vessels,VS,Vessels,_T,Total,2011,,2261,,A,Normal value,,,0,Units,0,Zero,,
DATAFLOW,OECD.TAD.ARP:DSD_FISH_FLEET@DF_FISH_FLEET(1.0),Fishing fleet,I,BRA,Brazil,A,Annual,VES,Vessels,VS,Vessels,_T,Total,2012,,4012,,A,Normal value,,,0,Units,0,Zero,,
DATAFLOW,OECD.TAD.ARP:DSD_FISH_FLEET@DF_FISH_FLEET(1.0),Fishing fleet,I,BRA,Brazil,A,Annual,VES,Vessels,VS,Vessels,_T,Total,2013,,8420,,A,Normal value,,,0,Units,0,Zero,,
DATAFLOW,OECD.TAD.ARP:DSD_FISH_FLEET@DF_FISH_FLEET(1.0),Fishing fleet,I,BRA,Brazil,A,Annual,VES,Vessels,VS,Vessels,_T,Total,2014,,10738,,A,Normal value,,,0,Units,0,Zero,,
DATAFLOW,OECD.TAD.ARP:DSD_FISH_FLEET@DF_FISH_FLEET(1.0),Fishing fleet,I,BRA,Brazil,A,Annual,VES,Vessels,VS,Vessels,_T,Total,2015,,14064,,A,Normal value,,,0,Units,0,Zero,,
DATAFLOW,OECD.TAD.ARP:DSD_FISH_FLEET@DF_FISH_FLEET(1.0),Fishing fleet,I,BRA,Brazil,A,Annual,VES,Vessels,VS,Vessels,_T,Total,2016,,17658,,A,Normal value,,,0,Units,0,Zero,,
DATAFLOW,OECD.TAD.ARP:DSD_FISH_FLEET@DF_FISH_FLEET(1.0),Fishing fleet,I,BRA,Brazil,A,Annual,VES,Vessels,VS,Vessels,_T,Total,2017,,19535,,A,Normal value,,,0,Units,0,Zero,,
DATAFLOW,OECD.TAD.ARP:DSD_FISH_FLEET@DF_FISH_FLEET(1.0),Fishing fleet,I,BRA,Brazil,A,Annual,VES,Vessels,VS,Vessels,_T,Total,2018,,21412,,A,Normal value,,,0,Units,0,Zero,,
DATAFLOW,OECD.TAD.ARP:DSD_FISH_FLEET@DF_FISH_FLEET(1.0),Fishing fleet,I,BRA,Brazil,A,Annual,VES,Vessels,VS,Vessels,_T,Total,2019,,22469,,A,Normal value,,,0,Units,0,Zero,,
DATAFLOW,OECD.TAD.ARP:DSD_FISH_FLEET@DF_FISH_FLEET(1.0),Fishing fleet,I,BRA,Brazil,A,Annual,VES,Vessels,VS,Vessels,_T,Total,2020,,24892,,A,Normal value,,,0,Units,0,Zero,,
DATAFLOW,OECD.TAD.ARP:DSD_FISH_FLEET@DF_FISH_FLEET(1.0),Fishing fleet,I,SWE,Sweden,A,Annual,VES,Vessels,VS,Vessels,_T,Total,2010,,1360,,A,Normal value,,,0,Units,0,Zero,,
DATAFLOW,OECD.TAD.ARP:DSD_FISH_FLEET@DF_FISH_FLEET(1.0),Fishing fleet,I,SWE,Sweden,A,Annual,VES,Vessels,VS,Vessels,_T,Total,2011,,1369,,A,Normal value,,,0,Units,0,Zero,,
DATAFLOW,OECD.TAD.ARP:DSD_FISH_FLEET@DF_FISH_FLEET(1.0),Fishing fleet,I,SWE,Sweden,A,Annual,VES,Vessels,VS,Vessels,_T,Total,2012,,1389,,A,Normal value,,,0,Units,0,Zero,,
DATAFLOW,OECD.TAD.ARP:DSD_FISH_FLEET@DF_FISH_FLEET(1.0),Fishing fleet,I,SWE,Sweden,A,Annual,VES,Vessels,VS,Vessels,_T,Total,2013,,1368,,A,Normal value,,,0,Units,0,Zero,,
DATAFLOW,OECD.TAD.ARP:DSD_FISH_FLEET@DF_FISH_FLEET(1.0),Fishing fleet,I,SWE,Sweden,A,Annual,VES,Vessels,VS,Vessels,_T,Total,2014,,1359,,A,Normal value,,,0,Units,0,Zero,,
DATAFLOW,OECD.TAD.ARP:DSD_FISH_FLEET@DF_FISH_FLEET(1.0),Fishing fleet,I,SWE,Sweden,A,Annual,VES,Vessels,VS,Vessels,_T,Total,2015,,1318,,A,Normal value,,,0,Units,0,Zero,,
DATAFLOW,OECD.TAD.ARP:DSD_FISH_FLEET@DF_FISH_FLEET(1.0),Fishing fleet,I,SWE,Sweden,A,Annual,VES,Vessels,VS,Vessels,_T,Total,2016,,1277,,A,Normal value,,,0,Units,0,Zero,,
DATAFLOW,OECD.TAD.ARP:DSD_FISH_FLEET@DF_FISH_FLEET(1.0),Fishing fleet,I,SWE,Sweden,A,Annual,VES,Vessels,VS,Vessels,_T,Total,2017,,1230,,A,Normal value,,,0,Units,0,Zero,,
DATAFLOW,OECD.TAD.ARP:DSD_FISH_FLEET@DF_FISH_FLEET(1.0),Fishing fleet,I,SWE,Sweden,A,Annual,VES,Vessels,VS,Vessels,_T,Total,2018,,1199,,A,Normal value,,,0,Units,0,Zero,,
DATAFLOW,OECD.TAD.ARP:DSD_FISH_FLEET@DF_FISH_FLEET(1.0),Fishing fleet,I,SWE,Sweden,A,Annual,VES,Vessels,VS,Vessels,_T,Total,2019,,1136,,A,Normal value,,,0,Units,0,Zero,,
DATAFLOW,OECD.TAD.ARP:DSD_FISH_FLEET@DF_FISH_FLEET(1.0),Fishing fleet,I,SWE,Sweden,A,Annual,VES,Vessels,VS,Vessels,_T,Total,2020,,1136,,A,Normal value,,,0,Units,0,Zero,,
DATAFLOW,OECD.TAD.ARP:DSD_FISH_FLEET@DF_FISH_FLEET(1.0),Fishing fleet,I,IDN,Indonesia,A,Annual,VES,Vessels,VS,Vessels,_T,Total,2010,,739932,,A,Normal value,,,0,Units,0,Zero,,
DATAFLOW,OECD.TAD.ARP:DSD_FISH_FLEET@DF_FISH_FLEET(1.0),Fishing fleet,I,IDN,Indonesia,A,Annual,VES,Vessels,VS,Vessels,_T,Total,2011,,767187,,A,Normal value,,,0,Units,0,Zero,,
DATAFLOW,OECD.TAD.ARP:DSD_FISH_FLEET@DF_FISH_FLEET(1.0),Fishing fleet,I,IDN,Indonesia,A,Annual,VES,Vessels,VS,Vessels,_T,Total,2012,,808775,,A,Normal value,,,0,Units,0,Zero,,
DATAFLOW,OECD.TAD.ARP:DSD_FISH_FLEET@DF_FISH_FLEET(1.0),Fishing fleet,I,IDN,Indonesia,A,Annual,VES,Vessels,VS,Vessels,_T,Total,2013,,829512,,A,Normal value,,,0,Units,0,Zero,,
DATAFLOW,OECD.TAD.ARP:DSD_FISH_FLEET@DF_FISH_FLEET(1.0),Fishing fleet,I,IDN,Indonesia,A,Annual,VES,Vessels,VS,Vessels,_T,Total,2014,,815544,,A,Normal value,,,0,Units,0,Zero,,
DATAFLOW,OECD.TAD.ARP:DSD_FISH_FLEET@DF_FISH_FLEET(1.0),Fishing fleet,I,IDN,Indonesia,A,Annual,VES,Vessels,VS,Vessels,_T,Total,2015,,768123,,A,Normal value,,,0,Units,0,Zero,,
DATAFLOW,OECD.TAD.ARP:DSD_FISH_FLEET@DF_FISH_FLEET(1.0),Fishing fleet,I,IDN,Indonesia,A,Annual,VES,Vessels,VS,Vessels,_T,Total,2016,,726984,,P,Provisional value,,,0,Units,0,Zero,,
DATAFLOW,OECD.TAD.ARP:DSD_FISH_FLEET@DF_FISH_FLEET(1.0),Fishing fleet,I,IDN,Indonesia,A,Annual,VES,Vessels,VS,Vessels,_T,Total,2017,,728656.0632,,E,Estimated value,,,0,Units,0,Zero,,
DATAFLOW,OECD.TAD.ARP:DSD_FISH_FLEET@DF_FISH_FLEET(1.0),Fishing fleet,I,IDN,Indonesia,A,Annual,VES,Vessels,VS,Vessels,_T,Total,2018,,719769,,P,Provisional value,,,0,Units,0,Zero,,
DATAFLOW,OECD.TAD.ARP:DSD_FISH_FLEET@DF_FISH_FLEET(1.0),Fishing fleet,I,NLD,Netherlands,A,Annual,VES,Vessels,VS,Vessels,_T,Total,2010,,846,,A,Normal value,,,0,Units,0,Zero,,
DATAFLOW,OECD.TAD.ARP:DSD_FISH_FLEET@DF_FISH_FLEET(1.0),Fishing fleet,I,NLD,Netherlands,A,Annual,VES,Vessels,VS,Vessels,_T,Total,2011,,841,,A,Normal value,,,0,Units,0,Zero,,
DATAFLOW,OECD.TAD.ARP:DSD_FISH_FLEET@DF_FISH_FLEET(1.0),Fishing fleet,I,NLD,Netherlands,A,Annual,VES,Vessels,VS,Vessels,_T,Total,2012,,848,,A,Normal value,,,0,Units,0,Zero,,
DATAFLOW,OECD.TAD.ARP:DSD_FISH_FLEET@DF_FISH_FLEET(1.0),Fishing fleet,I,NLD,Netherlands,A,Annual,VES,Vessels,VS,Vessels,_T,Total,2013,,845,,A,Normal value,,,0,Units,0,Zero,,
DATAFLOW,OECD.TAD.ARP:DSD_FISH_FLEET@DF_FISH_FLEET(1.0),Fishing fleet,I,NLD,Netherlands,A,Annual,VES,Vessels,VS,Vessels,_T,Total,2014,,830,,A,Normal value,,,0,Units,0,Zero,,
DATAFLOW,OECD.TAD.ARP:DSD_FISH_FLEET@DF_FISH_FLEET(1.0),Fishing fleet,I,NLD,Netherlands,A,Annual,VES,Vessels,VS,Vessels,_T,Total,2015,,829,,A,Normal value,,,0,Units,0,Zero,,
DATAFLOW,OECD.TAD.ARP:DSD_FISH_FLEET@DF_FISH_FLEET(1.0),Fishing fleet,I,NLD,Netherlands,A,Annual,VES,Vessels,VS,Vessels,_T,Total,2016,,844,,A,Normal value,,,0,Units,0,Zero,,
DATAFLOW,OECD.TAD.ARP:DSD_FISH_FLEET@DF_FISH_FLEET(1.0),Fishing fleet,I,NLD,Netherlands,A,Annual,VES,Vessels,VS,Vessels,_T,Total,2017,,849,,A,Normal value,,,0,Units,0,Zero,,
DATAFLOW,OECD.TAD.ARP:DSD_FISH_FLEET@DF_FISH_FLEET(1.0),Fishing fleet,I,NLD,Netherlands,A,Annual,VES,Vessels,VS,Vessels,_T,Total,2018,,832,,A,Normal value,,,0,Units,0,Zero,,
DATAFLOW,OECD.TAD.ARP:DSD_FISH_FLEET@DF_FISH_FLEET(1.0),Fishing fleet,I,NLD,Netherlands,A,Annual,VES,Vessels,VS,Vessels,_T,Total,2019,,836,,A,Normal value,,,0,Units,0,Zero,,
DATAFLOW,OECD.TAD.ARP:DSD_FISH_FLEET@DF_FISH_FLEET(1.0),Fishing fleet,I,NLD,Netherlands,A,Annual,VES,Vessels,VS,Vessels,_T,Total,2020,,834,,A,Normal value,,,0,Units,0,Zero,,
DATAFLOW,OECD.TAD.ARP:DSD_FISH_FLEET@DF_FISH_FLEET(1.0),Fishing fleet,I,ESP,Spain,A,Annual,VES,Vessels,VS,Vessels,_T,Total,2010,,10855,,A,Normal value,,,0,Units,0,Zero,,
DATAFLOW,OECD.TAD.ARP:DSD_FISH_FLEET@DF_FISH_FLEET(1.0),Fishing fleet,I,ESP,Spain,A,Annual,VES,Vessels,VS,Vessels,_T,Total,2011,,10510,,A,Normal value,,,0,Units,0,Zero,,
DATAFLOW,OECD.TAD.ARP:DSD_FISH_FLEET@DF_FISH_FLEET(1.0),Fishing fleet,I,ESP,Spain,A,Annual,VES,Vessels,VS,Vessels,_T,Total,2012,,10121,,A,Normal value,,,0,Units,0,Zero,,
DATAFLOW,OECD.TAD.ARP:DSD_FISH_FLEET@DF_FISH_FLEET(1.0),Fishing fleet,I,ESP,Spain,A,Annual,VES,Vessels,VS,Vessels,_T,Total,2013,,9873,,A,Normal value,,,0,Units,0,Zero,,
DATAFLOW,OECD.TAD.ARP:DSD_FISH_FLEET@DF_FISH_FLEET(1.0),Fishing fleet,I,TUR,Türkiye,A,Annual,VES,Vessels,VS,Vessels,_T,Total,2011,,17165,,A,Normal value,,,0,Units,0,Zero,,
DATAFLOW,OECD.TAD.ARP:DSD_FISH_FLEET@DF_FISH_FLEET(1.0),Fishing fleet,I,TUR,Türkiye,A,Annual,VES,Vessels,VS,Vessels,_T,Total,2012,,16998,,A,Normal value,,,0,Units,0,Zero,,
DATAFLOW,OECD.TAD.ARP:DSD_FISH_FLEET@DF_FISH_FLEET(1.0),Fishing fleet,I,TUR,Türkiye,A,Annual,VES,Vessels,VS,Vessels,_T,Total,2013,,16437,,A,Normal value,,,0,Units,0,Zero,,
DATAFLOW,OECD.TAD.ARP:DSD_FISH_FLEET@DF_FISH_FLEET(1.0),Fishing fleet,I,TUR,Türkiye,A,Annual,VES,Vessels,VS,Vessels,_T,Total,2014,,15877,,A,Normal value,,,0,Units,0,Zero,,
DATAFLOW,OECD.TAD.ARP:DSD_FISH_FLEET@DF_FISH_FLEET(1.0),Fishing fleet,I,FRA,France,A,Annual,VES,Vessels,VS,Vessels,_T,Total,2020,,6224,,A,Normal value,,,0,Units,0,Zero,,
DATAFLOW,OECD.TAD.ARP:DSD_FISH_FLEET@DF_FISH_FLEET(1.0),Fishing fleet,I,ITA,Italy,A,Annual,VES,Vessels,VS,Vessels,_T,Total,2010,,13431,,A,Normal value,,,0,Units,0,Zero,,
DATAFLOW,OECD.TAD.ARP:DSD_FISH_FLEET@DF_FISH_FLEET(1.0),Fishing fleet,I,ITA,Italy,A,Annual,VES,Vessels,VS,Vessels,_T,Total,2011,,13023,,A,Normal value,,,0,Units,0,Zero,,
DATAFLOW,OECD.TAD.ARP:DSD_FISH_FLEET@DF_FISH_FLEET(1.0),Fishing fleet,I,ITA,Italy,A,Annual,VES,Vessels,VS,Vessels,_T,Total,2012,,12696,,A,Normal value,,,0,Units,0,Zero,,
DATAFLOW,OECD.TAD.ARP:DSD_FISH_FLEET@DF_FISH_FLEET(1.0),Fishing fleet,I,ITA,Italy,A,Annual,VES,Vessels,VS,Vessels,_T,Total,2013,,12593,,A,Normal value,,,0,Units,0,Zero,,
DATAFLOW,OECD.TAD.ARP:DSD_FISH_FLEET@DF_FISH_FLEET(1.0),Fishing fleet,I,ITA,Italy,A,Annual,VES,Vessels,VS,Vessels,_T,Total,2014,,12435,,A,Normal value,,,0,Units,0,Zero,,
DATAFLOW,OECD.TAD.ARP:DSD_FISH_FLEET@DF_FISH_FLEET(1.0),Fishing fleet,I,ITA,Italy,A,Annual,VES,Vessels,VS,Vessels,_T,Total,2015,,12300,,A,Normal value,,,0,Units,0,Zero,,
DATAFLOW,OECD.TAD.ARP:DSD_FISH_FLEET@DF_FISH_FLEET(1.0),Fishing fleet,I,ITA,Italy,A,Annual,VES,Vessels,VS,Vessels,_T,Total,2016,,12260,,A,Normal value,,,0,Units,0,Zero,,
DATAFLOW,OECD.TAD.ARP:DSD_FISH_FLEET@DF_FISH_FLEET(1.0),Fishing fleet,I,ITA,Italy,A,Annual,VES,Vessels,VS,Vessels,_T,Total,2017,,12252,,A,Normal value,,,0,Units,0,Zero,,
DATAFLOW,OECD.TAD.ARP:DSD_FISH_FLEET@DF_FISH_FLEET(1.0),Fishing fleet,I,ITA,Italy,A,Annual,VES,Vessels,VS,Vessels,_T,Total,2018,,12102,,A,Normal value,,,0,Units,0,Zero,,
DATAFLOW,OECD.TAD.ARP:DSD_FISH_FLEET@DF_FISH_FLEET(1.0),Fishing fleet,I,ITA,Italy,A,Annual,VES,Vessels,VS,Vessels,_T,Total,2019,,12125,,A,Normal value,,,0,Units,0,Zero,,
DATAFLOW,OECD.TAD.ARP:DSD_FISH_FLEET@DF_FISH_FLEET(1.0),Fishing fleet,I,ITA,Italy,A,Annual,VES,Vessels,VS,Vessels,_T,Total,2020,,12152,,A,Normal value,,,0,Units,0,Zero,,
DATAFLOW,OECD.TAD.ARP:DSD_FISH_FLEET@DF_FISH_FLEET(1.0),Fishing fleet,I,CHL,Chile,A,Annual,VES,Vessels,VS,Vessels,_T,Total,2010,,7815,,A,Normal value,,,0,Units,0,Zero,,
DATAFLOW,OECD.TAD.ARP:DSD_FISH_FLEET@DF_FISH_FLEET(1.0),Fishing fleet,I,CHL,Chile,A,Annual,VES,Vessels,VS,Vessels,_T,Total,2011,,8568,,A,Normal value,,,0,Units,0,Zero,,
DATAFLOW,OECD.TAD.ARP:DSD_FISH_FLEET@DF_FISH_FLEET(1.0),Fishing fleet,I,CHL,Chile,A,Annual,VES,Vessels,VS,Vessels,_T,Total,2012,,9603,,A,Normal value,,,0,Units,0,Zero,,
DATAFLOW,OECD.TAD.ARP:DSD_FISH_FLEET@DF_FISH_FLEET(1.0),Fishing fleet,I,CHL,Chile,A,Annual,VES,Vessels,VS,Vessels,_T,Total,2013,,8644,,A,Normal value,,,0,Units,0,Zero,,
DATAFLOW,OECD.TAD.ARP:DSD_FISH_FLEET@DF_FISH_FLEET(1.0),Fishing fleet,I,CHL,Chile,A,Annual,VES,Vessels,VS,Vessels,_T,Total,2014,,7154,,A,Normal value,,,0,Units,0,Zero,,
DATAFLOW,OECD.TAD.ARP:DSD_FISH_FLEET@DF_FISH_FLEET(1.0),Fishing fleet,I,CHL,Chile,A,Annual,VES,Vessels,VS,Vessels,_T,Total,2015,,9391,,A,Normal value,,,0,Units,0,Zero,,
DATAFLOW,OECD.TAD.ARP:DSD_FISH_FLEET@DF_FISH_FLEET(1.0),Fishing fleet,I,CHL,Chile,A,Annual,VES,Vessels,VS,Vessels,_T,Total,2016,,9540,,A,Normal value,,,0,Units,0,Zero,,
DATAFLOW,OECD.TAD.ARP:DSD_FISH_FLEET@DF_FISH_FLEET(1.0),Fishing fleet,I,CHL,Chile,A,Annual,VES,Vessels,VS,Vessels,_T,Total,2017,,9622,,A,Normal value,,,0,Units,0,Zero,,
DATAFLOW,OECD.TAD.ARP:DSD_FISH_FLEET@DF_FISH_FLEET(1.0),Fishing fleet,I,CHL,Chile,A,Annual,VES,Vessels,VS,Vessels,_T,Total,2018,,9563,,A,Normal value,,,0,Units,0,Zero,,
DATAFLOW,OECD.TAD.ARP:DSD_FISH_FLEET@DF_FISH_FLEET(1.0),Fishing fleet,I,CHL,Chile,A,Annual,VES,Vessels,VS,Vessels,_T,Total,2019,,8872,,A,Normal value,,,0,Units,0,Zero,,
DATAFLOW,OECD.TAD.ARP:DSD_FISH_FLEET@DF_FISH_FLEET(1.0),Fishing fleet,I,CHL,Chile,A,Annual,VES,Vessels,VS,Vessels,_T,Total,2020,,8350,,A,Normal value,,,0,Units,0,Zero,,
DATAFLOW,OECD.TAD.ARP:DSD_FISH_FLEET@DF_FISH_FLEET(1.0),Fishing fleet,I,THA,Thailand,A,Annual,VES,Vessels,VS,Vessels,_T,Total,2010,,15381,,A,Normal value,,,0,Units,0,Zero,,
DATAFLOW,OECD.TAD.ARP:DSD_FISH_FLEET@DF_FISH_FLEET(1.0),Fishing fleet,I,THA,Thailand,A,Annual,VES,Vessels,VS,Vessels,_T,Total,2011,,17203,,A,Normal value,,,0,Units,0,Zero,,
DATAFLOW,OECD.TAD.ARP:DSD_FISH_FLEET@DF_FISH_FLEET(1.0),Fishing fleet,I,THA,Thailand,A,Annual,VES,Vessels,VS,Vessels,_T,Total,2012,,18089,,A,Normal value,,,0,Units,0,Zero,,
DATAFLOW,OECD.TAD.ARP:DSD_FISH_FLEET@DF_FISH_FLEET(1.0),Fishing fleet,I,THA,Thailand,A,Annual,VES,Vessels,VS,Vessels,_T,Total,2013,,16548,,A,Normal value,,,0,Units,0,Zero,,
DATAFLOW,OECD.TAD.ARP:DSD_FISH_FLEET@DF_FISH_FLEET(1.0),Fishing fleet,I,THA,Thailand,A,Annual,VES,Vessels,VS,Vessels,_T,Total,2014,,23556,,A,Normal value,,,0,Units,0,Zero,,
DATAFLOW,OECD.TAD.ARP:DSD_FISH_FLEET@DF_FISH_FLEET(1.0),Fishing fleet,I,THA,Thailand,A,Annual,VES,Vessels,VS,Vessels,_T,Total,2015,,25231,,A,Normal value,,,0,Units,0,Zero,,
DATAFLOW,OECD.TAD.ARP:DSD_FISH_FLEET@DF_FISH_FLEET(1.0),Fishing fleet,I,DNK,Denmark,A,Annual,VES,Vessels,VS,Vessels,_T,Total,2010,,2820,,A,Normal value,,,0,Units,0,Zero,,
DATAFLOW,OECD.TAD.ARP:DSD_FISH_FLEET@DF_FISH_FLEET(1.0),Fishing fleet,I,DNK,Denmark,A,Annual,VES,Vessels,VS,Vessels,_T,Total,2011,,2783,,A,Normal value,,,0,Units,0,Zero,,
DATAFLOW,OECD.TAD.ARP:DSD_FISH_FLEET@DF_FISH_FLEET(1.0),Fishing fleet,I,DNK,Denmark,A,Annual,VES,Vessels,VS,Vessels,_T,Total,2012,,2739,,A,Normal value,,,0,Units,0,Zero,,
DATAFLOW,OECD.TAD.ARP:DSD_FISH_FLEET@DF_FISH_FLEET(1.0),Fishing fleet,I,DNK,Denmark,A,Annual,VES,Vessels,VS,Vessels,_T,Total,2013,,2625,,A,Normal value,,,0,Units,0,Zero,,
DATAFLOW,OECD.TAD.ARP:DSD_FISH_FLEET@DF_FISH_FLEET(1.0),Fishing fleet,I,DNK,Denmark,A,Annual,VES,Vessels,VS,Vessels,_T,Total,2014,,2447,,A,Normal value,,,0,Units,0,Zero,,
DATAFLOW,OECD.TAD.ARP:DSD_FISH_FLEET@DF_FISH_FLEET(1.0),Fishing fleet,I,DNK,Denmark,A,Annual,VES,Vessels,VS,Vessels,_T,Total,2015,,2356,,A,Normal value,,,0,Units,0,Zero,,
DATAFLOW,OECD.TAD.ARP:DSD_FISH_FLEET@DF_FISH_FLEET(1.0),Fishing fleet,I,DNK,Denmark,A,Annual,VES,Vessels,VS,Vessels,_T,Total,2016,,2261,,A,Normal value,,,0,Units,0,Zero,,
DATAFLOW,OECD.TAD.ARP:DSD_FISH_FLEET@DF_FISH_FLEET(1.0),Fishing fleet,I,DNK,Denmark,A,Annual,VES,Vessels,VS,Vessels,_T,Total,2017,,2198,,A,Normal value,,,0,Units,0,Zero,,
DATAFLOW,OECD.TAD.ARP:DSD_FISH_FLEET@DF_FISH_FLEET(1.0),Fishing fleet,I,DNK,Denmark,A,Annual,VES,Vessels,VS,Vessels,_T,Total,2018,,2123,,A,Normal value,,,0,Units,0,Zero,,
DATAFLOW,OECD.TAD.ARP:DSD_FISH_FLEET@DF_FISH_FLEET(1.0),Fishing fleet,I,DNK,Denmark,A,Annual,VES,Vessels,VS,Vessels,_T,Total,2019,,2077,,A,Normal value,,,0,Units,0,Zero,,
DATAFLOW,OECD.TAD.ARP:DSD_FISH_FLEET@DF_FISH_FLEET(1.0),Fishing fleet,I,DNK,Denmark,A,Annual,VES,Vessels,VS,Vessels,_T,Total,2020,,2033,,A,Normal value,,,0,Units,0,Zero,,
DATAFLOW,OECD.TAD.ARP:DSD_FISH_FLEET@DF_FISH_FLEET(1.0),Fishing fleet,I,ISL,Iceland,A,Annual,VES,Vessels,VS,Vessels,_T,Total,2010,,1375,,A,Normal value,,,0,Units,0,Zero,,
DATAFLOW,OECD.TAD.ARP:DSD_FISH_FLEET@DF_FISH_FLEET(1.0),Fishing fleet,I,ISL,Iceland,A,Annual,VES,Vessels,VS,Vessels,_T,Total,2011,,1421,,A,Normal value,,,0,Units,0,Zero,,
DATAFLOW,OECD.TAD.ARP:DSD_FISH_FLEET@DF_FISH_FLEET(1.0),Fishing fleet,I,ISL,Iceland,A,Annual,VES,Vessels,VS,Vessels,_T,Total,2012,,1449,,A,Normal value,,,0,Units,0,Zero,,
DATAFLOW,OECD.TAD.ARP:DSD_FISH_FLEET@DF_FISH_FLEET(1.0),Fishing fleet,I,ISL,Iceland,A,Annual,VES,Vessels,VS,Vessels,_T,Total,2013,,1427,,A,Normal value,,,0,Units,0,Zero,,
DATAFLOW,OECD.TAD.ARP:DSD_FISH_FLEET@DF_FISH_FLEET(1.0),Fishing fleet,I,ISL,Iceland,A,Annual,VES,Vessels,VS,Vessels,_T,Total,2014,,1370,,A,Normal value,,,0,Units,0,Zero,,
DATAFLOW,OECD.TAD.ARP:DSD_FISH_FLEET@DF_FISH_FLEET(1.0),Fishing fleet,I,ISL,Iceland,A,Annual,VES,Vessels,VS,Vessels,_T,Total,2015,,1312,,A,Normal value,,,0,Units,0,Zero,,
DATAFLOW,OECD.TAD.ARP:DSD_FISH_FLEET@DF_FISH_FLEET(1.0),Fishing fleet,I,ISL,Iceland,A,Annual,VES,Vessels,VS,Vessels,_T,Total,2016,,1279,,A,Normal value,,,0,Units,0,Zero,,
DATAFLOW,OECD.TAD.ARP:DSD_FISH_FLEET@DF_FISH_FLEET(1.0),Fishing fleet,I,ISL,Iceland,A,Annual,VES,Vessels,VS,Vessels,_T,Total,2017,,1216,,A,Normal value,,,0,Units,0,Zero,,
DATAFLOW,OECD.TAD.ARP:DSD_FISH_FLEET@DF_FISH_FLEET(1.0),Fishing fleet,I,ISL,Iceland,A,Annual,VES,Vessels,VS,Vessels,_T,Total,2018,,1148,,A,Normal value,,,0,Units,0,Zero,,
DATAFLOW,OECD.TAD.ARP:DSD_FISH_FLEET@DF_FISH_FLEET(1.0),Fishing fleet,I,TWN,Chinese Taipei,A,Annual,VES,Vessels,VS,Vessels,_T,Total,2010,,23782,,A,Normal value,,,0,Units,0,Zero,,
DATAFLOW,OECD.TAD.ARP:DSD_FISH_FLEET@DF_FISH_FLEET(1.0),Fishing fleet,I,TWN,Chinese Taipei,A,Annual,VES,Vessels,VS,Vessels,_T,Total,2011,,23557,,A,Normal value,,,0,Units,0,Zero,,
DATAFLOW,OECD.TAD.ARP:DSD_FISH_FLEET@DF_FISH_FLEET(1.0),Fishing fleet,I,TWN,Chinese Taipei,A,Annual,VES,Vessels,VS,Vessels,_T,Total,2012,,23441,,A,Normal value,,,0,Units,0,Zero,,
DATAFLOW,OECD.TAD.ARP:DSD_FISH_FLEET@DF_FISH_FLEET(1.0),Fishing fleet,I,TWN,Chinese Taipei,A,Annual,VES,Vessels,VS,Vessels,_T,Total,2013,,23012,,A,Normal value,,,0,Units,0,Zero,,
DATAFLOW,OECD.TAD.ARP:DSD_FISH_FLEET@DF_FISH_FLEET(1.0),Fishing fleet,I,TWN,Chinese Taipei,A,Annual,VES,Vessels,VS,Vessels,_T,Total,2014,,22771,,A,Normal value,,,0,Units,0,Zero,,
DATAFLOW,OECD.TAD.ARP:DSD_FISH_FLEET@DF_FISH_FLEET(1.0),Fishing fleet,I,TWN,Chinese Taipei,A,Annual,VES,Vessels,VS,Vessels,_T,Total,2015,,22695,,A,Normal value,,,0,Units,0,Zero,,
DATAFLOW,OECD.TAD.ARP:DSD_FISH_FLEET@DF_FISH_FLEET(1.0),Fishing fleet,I,TWN,Chinese Taipei,A,Annual,VES,Vessels,VS,Vessels,_T,Total,2016,,22567,,A,Normal value,,,0,Units,0,Zero,,
DATAFLOW,OECD.TAD.ARP:DSD_FISH_FLEET@DF_FISH_FLEET(1.0),Fishing fleet,I,TWN,Chinese Taipei,A,Annual,VES,Vessels,VS,Vessels,_T,Total,2017,,22433,,A,Normal value,,,0,Units,0,Zero,,
DATAFLOW,OECD.TAD.ARP:DSD_FISH_FLEET@DF_FISH_FLEET(1.0),Fishing fleet,I,TWN,Chinese Taipei,A,Annual,VES,Vessels,VS,Vessels,_T,Total,2018,,21908,,A,Normal value,,,0,Units,0,Zero,,
DATAFLOW,OECD.TAD.ARP:DSD_FISH_FLEET@DF_FISH_FLEET(1.0),Fishing fleet,I,TWN,Chinese Taipei,A,Annual,VES,Vessels,VS,Vessels,_T,Total,2019,,21689,,A,Normal value,,,0,Units,0,Zero,,
DATAFLOW,OECD.TAD.ARP:DSD_FISH_FLEET@DF_FISH_FLEET(1.0),Fishing fleet,I,TWN,Chinese Taipei,A,Annual,VES,Vessels,VS,Vessels,_T,Total,2020,,21772,,A,Normal value,,,0,Units,0,Zero,,
DATAFLOW,OECD.TAD.ARP:DSD_FISH_FLEET@DF_FISH_FLEET(1.0),Fishing fleet,I,AUT,Austria,A,Annual,VES,Vessels,VS,Vessels,_T,Total,2010,,190,,A,Normal value,,,0,Units,0,Zero,,
DATAFLOW,OECD.TAD.ARP:DSD_FISH_FLEET@DF_FISH_FLEET(1.0),Fishing fleet,I,AUT,Austria,A,Annual,VES,Vessels,VS,Vessels,_T,Total,2011,,180,,A,Normal value,,,0,Units,0,Zero,,
DATAFLOW,OECD.TAD.ARP:DSD_FISH_FLEET@DF_FISH_FLEET(1.0),Fishing fleet,I,AUT,Austria,A,Annual,VES,Vessels,VS,Vessels,_T,Total,2012,,180,,A,Normal value,,,0,Units,0,Zero,,
DATAFLOW,OECD.TAD.ARP:DSD_FISH_FLEET@DF_FISH_FLEET(1.0),Fishing fleet,I,AUT,Austria,A,Annual,VES,Vessels,VS,Vessels,_T,Total,2013,,180,,A,Normal value,,,0,Units,0,Zero,,
DATAFLOW,OECD.TAD.ARP:DSD_FISH_FLEET@DF_FISH_FLEET(1.0),Fishing fleet,I,AUT,Austria,A,Annual,VES,Vessels,VS,Vessels,_T,Total,2014,,180,,A,Normal value,,,0,Units,0,Zero,,
DATAFLOW,OECD.TAD.ARP:DSD_FISH_FLEET@DF_FISH_FLEET(1.0),Fishing fleet,I,AUT,Austria,A,Annual,VES,Vessels,VS,Vessels,_T,Total,2015,,180,,A,Normal value,,,0,Units,0,Zero,,
DATAFLOW,OECD.TAD.ARP:DSD_FISH_FLEET@DF_FISH_FLEET(1.0),Fishing fleet,I,AUT,Austria,A,Annual,VES,Vessels,VS,Vessels,_T,Total,2016,,180,,A,Normal value,,,0,Units,0,Zero,,
DATAFLOW,OECD.TAD.ARP:DSD_FISH_FLEET@DF_FISH_FLEET(1.0),Fishing fleet,I,AUT,Austria,A,Annual,VES,Vessels,VS,Vessels,_T,Total,2017,,180,,A,Normal value,,,0,Units,0,Zero,,
DATAFLOW,OECD.TAD.ARP:DSD_FISH_FLEET@DF_FISH_FLEET(1.0),Fishing fleet,I,CHN,China (People’s Republic of),A,Annual,VES,Vessels,VS,Vessels,_T,Total,2010,,1065645,,A,Normal value,,,0,Units,0,Zero,,
DATAFLOW,OECD.TAD.ARP:DSD_FISH_FLEET@DF_FISH_FLEET(1.0),Fishing fleet,I,CHN,China (People’s Republic of),A,Annual,VES,Vessels,VS,Vessels,_T,Total,2011,,1069577,,A,Normal value,,,0,Units,0,Zero,,
DATAFLOW,OECD.TAD.ARP:DSD_FISH_FLEET@DF_FISH_FLEET(1.0),Fishing fleet,I,CHN,China (People’s Republic of),A,Annual,VES,Vessels,VS,Vessels,_T,Total,2012,,1069910,,A,Normal value,,,0,Units,0,Zero,,
DATAFLOW,OECD.TAD.ARP:DSD_FISH_FLEET@DF_FISH_FLEET(1.0),Fishing fleet,I,CHN,China (People’s Republic of),A,Annual,VES,Vessels,VS,Vessels,_T,Total,2013,,1071664,,A,Normal value,,,0,Units,0,Zero,,
DATAFLOW,OECD.TAD.ARP:DSD_FISH_FLEET@DF_FISH_FLEET(1.0),Fishing fleet,I,CHN,China (People’s Republic of),A,Annual,VES,Vessels,VS,Vessels,_T,Total,2014,,1065319,,A,Normal value,,,0,Units,0,Zero,,
DATAFLOW,OECD.TAD.ARP:DSD_FISH_FLEET@DF_FISH_FLEET(1.0),Fishing fleet,I,CHN,China (People’s Republic of),A,Annual,VES,Vessels,VS,Vessels,_T,Total,2015,,1042489,,A,Normal value,,,0,Units,0,Zero,,
DATAFLOW,OECD.TAD.ARP:DSD_FISH_FLEET@DF_FISH_FLEET(1.0),Fishing fleet,I,CHN,China (People’s Republic of),A,Annual,VES,Vessels,VS,Vessels,_T,Total,2016,,1011071,,A,Normal value,,,0,Units,0,Zero,,
DATAFLOW,OECD.TAD.ARP:DSD_FISH_FLEET@DF_FISH_FLEET(1.0),Fishing fleet,I,CHN,China (People’s Republic of),A,Annual,VES,Vessels,VS,Vessels,_T,Total,2017,,946160,,A,Normal value,,,0,Units,0,Zero,,
DATAFLOW,OECD.TAD.ARP:DSD_FISH_FLEET@DF_FISH_FLEET(1.0),Fishing fleet,I,CHN,China (People’s Republic of),A,Annual,VES,Vessels,VS,Vessels,_T,Total,2018,,863892,,A,Normal value,,,0,Units,0,Zero,,
DATAFLOW,OECD.TAD.ARP:DSD_FISH_FLEET@DF_FISH_FLEET(1.0),Fishing fleet,I,CHN,China (People’s Republic of),A,Annual,VES,Vessels,VS,Vessels,_T,Total,2019,,731169,,A,Normal value,,,0,Units,0,Zero,,
DATAFLOW,OECD.TAD.ARP:DSD_FISH_FLEET@DF_FISH_FLEET(1.0),Fishing fleet,I,CHN,China (People’s Republic of),A,Annual,VES,Vessels,VS,Vessels,_T,Total,2020,,563262,,A,Normal value,,,0,Units,0,Zero,,
DATAFLOW,OECD.TAD.ARP:DSD_FISH_FLEET@DF_FISH_FLEET(1.0),Fishing fleet,I,POL,Poland,A,Annual,VES,Vessels,VS,Vessels,_T,Total,2010,,793,,A,Normal value,,,0,Units,0,Zero,,
DATAFLOW,OECD.TAD.ARP:DSD_FISH_FLEET@DF_FISH_FLEET(1.0),Fishing fleet,I,POL,Poland,A,Annual,VES,Vessels,VS,Vessels,_T,Total,2011,,790,,A,Normal value,,,0,Units,0,Zero,,
DATAFLOW,OECD.TAD.ARP:DSD_FISH_FLEET@DF_FISH_FLEET(1.0),Fishing fleet,I,POL,Poland,A,Annual,VES,Vessels,VS,Vessels,_T,Total,2012,,798,,A,Normal value,,,0,Units,0,Zero,,
DATAFLOW,OECD.TAD.ARP:DSD_FISH_FLEET@DF_FISH_FLEET(1.0),Fishing fleet,I,POL,Poland,A,Annual,VES,Vessels,VS,Vessels,_T,Total,2013,,838,,A,Normal value,,,0,Units,0,Zero,,
DATAFLOW,OECD.TAD.ARP:DSD_FISH_FLEET@DF_FISH_FLEET(1.0),Fishing fleet,I,POL,Poland,A,Annual,VES,Vessels,VS,Vessels,_T,Total,2014,,873,,A,Normal value,,,0,Units,0,Zero,,
DATAFLOW,OECD.TAD.ARP:DSD_FISH_FLEET@DF_FISH_FLEET(1.0),Fishing fleet,I,POL,Poland,A,Annual,VES,Vessels,VS,Vessels,_T,Total,2015,,875,,A,Normal value,,,0,Units,0,Zero,,
DATAFLOW,OECD.TAD.ARP:DSD_FISH_FLEET@DF_FISH_FLEET(1.0),Fishing fleet,I,POL,Poland,A,Annual,VES,Vessels,VS,Vessels,_T,Total,2016,,843,,A,Normal value,,,0,Units,0,Zero,,
DATAFLOW,OECD.TAD.ARP:DSD_FISH_FLEET@DF_FISH_FLEET(1.0),Fishing fleet,I,POL,Poland,A,Annual,VES,Vessels,VS,Vessels,_T,Total,2017,,834,,A,Normal value,,,0,Units,0,Zero,,
DATAFLOW,OECD.TAD.ARP:DSD_FISH_FLEET@DF_FISH_FLEET(1.0),Fishing fleet,I,POL,Poland,A,Annual,VES,Vessels,VS,Vessels,_T,Total,2018,,827,,A,Normal value,,,0,Units,0,Zero,,
DATAFLOW,OECD.TAD.ARP:DSD_FISH_FLEET@DF_FISH_FLEET(1.0),Fishing fleet,I,POL,Poland,A,Annual,VES,Vessels,VS,Vessels,_T,Total,2019,,826,,A,Normal value,,,0,Units,0,Zero,,
DATAFLOW,OECD.TAD.ARP:DSD_FISH_FLEET@DF_FISH_FLEET(1.0),Fishing fleet,I,POL,Poland,A,Annual,VES,Vessels,VS,Vessels,_T,Total,2020,,822,,A,Normal value,,,0,Units,0,Zero,,
DATAFLOW,OECD.TAD.ARP:DSD_FISH_FLEET@DF_FISH_FLEET(1.0),Fishing fleet,I,PRT,Portugal,A,Annual,VES,Vessels,VS,Vessels,_T,Total,2010,,8425,,A,Normal value,,,0,Units,0,Zero,,
DATAFLOW,OECD.TAD.ARP:DSD_FISH_FLEET@DF_FISH_FLEET(1.0),Fishing fleet,I,PRT,Portugal,A,Annual,VES,Vessels,VS,Vessels,_T,Total,2011,,8333,,A,Normal value,,,0,Units,0,Zero,,
DATAFLOW,OECD.TAD.ARP:DSD_FISH_FLEET@DF_FISH_FLEET(1.0),Fishing fleet,I,PRT,Portugal,A,Annual,VES,Vessels,VS,Vessels,_T,Total,2012,,8245,,A,Normal value,,,0,Units,0,Zero,,
DATAFLOW,OECD.TAD.ARP:DSD_FISH_FLEET@DF_FISH_FLEET(1.0),Fishing fleet,I,PRT,Portugal,A,Annual,VES,Vessels,VS,Vessels,_T,Total,2013,,8200,,A,Normal value,,,0,Units,0,Zero,,
DATAFLOW,OECD.TAD.ARP:DSD_FISH_FLEET@DF_FISH_FLEET(1.0),Fishing fleet,I,PRT,Portugal,A,Annual,VES,Vessels,VS,Vessels,_T,Total,2014,,8157,,A,Normal value,,,0,Units,0,Zero,,
DATAFLOW,OECD.TAD.ARP:DSD_FISH_FLEET@DF_FISH_FLEET(1.0),Fishing fleet,I,PRT,Portugal,A,Annual,VES,Vessels,VS,Vessels,_T,Total,2015,,8035,,A,Normal value,,,0,Units,0,Zero,,
DATAFLOW,OECD.TAD.ARP:DSD_FISH_FLEET@DF_FISH_FLEET(1.0),Fishing fleet,I,PRT,Portugal,A,Annual,VES,Vessels,VS,Vessels,_T,Total,2016,,7955,,A,Normal value,,,0,Units,0,Zero,,
DATAFLOW,OECD.TAD.ARP:DSD_FISH_FLEET@DF_FISH_FLEET(1.0),Fishing fleet,I,PRT,Portugal,A,Annual,VES,Vessels,VS,Vessels,_T,Total,2017,,7907,,A,Normal value,,,0,Units,0,Zero,,
DATAFLOW,OECD.TAD.ARP:DSD_FISH_FLEET@DF_FISH_FLEET(1.0),Fishing fleet,I,PRT,Portugal,A,Annual,VES,Vessels,VS,Vessels,_T,Total,2018,,7834,,A,Normal value,,,0,Units,0,Zero,,
DATAFLOW,OECD.TAD.ARP:DSD_FISH_FLEET@DF_FISH_FLEET(1.0),Fishing fleet,I,PRT,Portugal,A,Annual,VES,Vessels,VS,Vessels,_T,Total,2019,,7757,,A,Normal value,,,0,Units,0,Zero,,
DATAFLOW,OECD.TAD.ARP:DSD_FISH_FLEET@DF_FISH_FLEET(1.0),Fishing fleet,I,PRT,Portugal,A,Annual,VES,Vessels,VS,Vessels,_T,Total,2020,,7714,,A,Normal value,,,0,Units,0,Zero,,
DATAFLOW,OECD.TAD.ARP:DSD_FISH_FLEET@DF_FISH_FLEET(1.0),Fishing fleet,I,DEU,Germany,A,Annual,VES,Vessels,VS,Vessels,_T,Total,2010,,1673,,A,Normal value,,,0,Units,0,Zero,,
DATAFLOW,OECD.TAD.ARP:DSD_FISH_FLEET@DF_FISH_FLEET(1.0),Fishing fleet,I,DEU,Germany,A,Annual,VES,Vessels,VS,Vessels,_T,Total,2011,,1582,,A,Normal value,,,0,Units,0,Zero,,
DATAFLOW,OECD.TAD.ARP:DSD_FISH_FLEET@DF_FISH_FLEET(1.0),Fishing fleet,I,DEU,Germany,A,Annual,VES,Vessels,VS,Vessels,_T,Total,2012,,1550,,A,Normal value,,,0,Units,0,Zero,,
DATAFLOW,OECD.TAD.ARP:DSD_FISH_FLEET@DF_FISH_FLEET(1.0),Fishing fleet,I,DEU,Germany,A,Annual,VES,Vessels,VS,Vessels,_T,Total,2013,,1532,,A,Normal value,,,0,Units,0,Zero,,
DATAFLOW,OECD.TAD.ARP:DSD_FISH_FLEET@DF_FISH_FLEET(1.0),Fishing fleet,I,DEU,Germany,A,Annual,VES,Vessels,VS,Vessels,_T,Total,2014,,1491,,A,Normal value,,,0,Units,0,Zero,,
DATAFLOW,OECD.TAD.ARP:DSD_FISH_FLEET@DF_FISH_FLEET(1.0),Fishing fleet,I,DEU,Germany,A,Annual,VES,Vessels,VS,Vessels,_T,Total,2015,,1443,,A,Normal value,,,0,Units,0,Zero,,
DATAFLOW,OECD.TAD.ARP:DSD_FISH_FLEET@DF_FISH_FLEET(1.0),Fishing fleet,I,DEU,Germany,A,Annual,VES,Vessels,VS,Vessels,_T,Total,2016,,1414,,A,Normal value,,,0,Units,0,Zero,,
DATAFLOW,OECD.TAD.ARP:DSD_FISH_FLEET@DF_FISH_FLEET(1.0),Fishing fleet,I,DEU,Germany,A,Annual,VES,Vessels,VS,Vessels,_T,Total,2017,,1377,,A,Normal value,,,0,Units,0,Zero,,
DATAFLOW,OECD.TAD.ARP:DSD_FISH_FLEET@DF_FISH_FLEET(1.0),Fishing fleet,I,DEU,Germany,A,Annual,VES,Vessels,VS,Vessels,_T,Total,2018,,1331,,A,Normal value,,,0,Units,0,Zero,,
DATAFLOW,OECD.TAD.ARP:DSD_FISH_FLEET@DF_FISH_FLEET(1.0),Fishing fleet,I,DEU,Germany,A,Annual,VES,Vessels,VS,Vessels,_T,Total,2019,,1309,,A,Normal value,,,0,Units,0,Zero,,
DATAFLOW,OECD.TAD.ARP:DSD_FISH_FLEET@DF_FISH_FLEET(1.0),Fishing fleet,I,DEU,Germany,A,Annual,VES,Vessels,VS,Vessels,_T,Total,2020,,1292,,A,Normal value,,,0,Units,0,Zero,,
DATAFLOW,OECD.TAD.ARP:DSD_FISH_FLEET@DF_FISH_FLEET(1.0),Fishing fleet,I,AUS,Australia,A,Annual,VES,Vessels,VS,Vessels,_T,Total,2010,,318,,A,Normal value,,,0,Units,0,Zero,,
DATAFLOW,OECD.TAD.ARP:DSD_FISH_FLEET@DF_FISH_FLEET(1.0),Fishing fleet,I,AUS,Australia,A,Annual,VES,Vessels,VS,Vessels,_T,Total,2011,,325,,A,Normal value,,,0,Units,0,Zero,,
DATAFLOW,OECD.TAD.ARP:DSD_FISH_FLEET@DF_FISH_FLEET(1.0),Fishing fleet,I,AUS,Australia,A,Annual,VES,Vessels,VS,Vessels,_T,Total,2012,,318,,A,Normal value,,,0,Units,0,Zero,,
DATAFLOW,OECD.TAD.ARP:DSD_FISH_FLEET@DF_FISH_FLEET(1.0),Fishing fleet,I,AUS,Australia,A,Annual,VES,Vessels,VS,Vessels,_T,Total,2013,,306,,A,Normal value,,,0,Units,0,Zero,,
DATAFLOW,OECD.TAD.ARP:DSD_FISH_FLEET@DF_FISH_FLEET(1.0),Fishing fleet,I,AUS,Australia,A,Annual,VES,Vessels,VS,Vessels,_T,Total,2014,,309,,A,Normal value,,,0,Units,0,Zero,,
DATAFLOW,OECD.TAD.ARP:DSD_FISH_FLEET@DF_FISH_FLEET(1.0),Fishing fleet,I,AUS,Australia,A,Annual,VES,Vessels,VS,Vessels,_T,Total,2015,,298,,A,Normal value,,,0,Units,0,Zero,,
DATAFLOW,OECD.TAD.ARP:DSD_FISH_FLEET@DF_FISH_FLEET(1.0),Fishing fleet,I,AUS,Australia,A,Annual,VES,Vessels,VS,Vessels,_T,Total,2016,,290,,A,Normal value,,,0,Units,0,Zero,,
DATAFLOW,OECD.TAD.ARP:DSD_FISH_FLEET@DF_FISH_FLEET(1.0),Fishing fleet,I,AUS,Australia,A,Annual,VES,Vessels,VS,Vessels,_T,Total,2017,,315,,A,Normal value,,,0,Units,0,Zero,,
DATAFLOW,OECD.TAD.ARP:DSD_FISH_FLEET@DF_FISH_FLEET(1.0),Fishing fleet,I,AUS,Australia,A,Annual,VES,Vessels,VS,Vessels,_T,Total,2018,,285,,A,Normal value,,,0,Units,0,Zero,,
DATAFLOW,OECD.TAD.ARP:DSD_FISH_FLEET@DF_FISH_FLEET(1.0),Fishing fleet,I,AUS,Australia,A,Annual,VES,Vessels,VS,Vessels,_T,Total,2019,,294,,A,Normal value,,,0,Units,0,Zero,,
DATAFLOW,OECD.TAD.ARP:DSD_FISH_FLEET@DF_FISH_FLEET(1.0),Fishing fleet,I,AUS,Australia,A,Annual,VES,Vessels,VS,Vessels,_T,Total,2020,,302,,A,Normal value,,,0,Units,0,Zero,,
DATAFLOW,OECD.TAD.ARP:DSD_FISH_FLEET@DF_FISH_FLEET(1.0),Fishing fleet,I,NZL,New Zealand,A,Annual,VES,Vessels,VS,Vessels,_T,Total,2010,,1401,,A,Normal value,,,0,Units,0,Zero,,
DATAFLOW,OECD.TAD.ARP:DSD_FISH_FLEET@DF_FISH_FLEET(1.0),Fishing fleet,I,NZL,New Zealand,A,Annual,VES,Vessels,VS,Vessels,_T,Total,2011,,1416,,A,Normal value,,,0,Units,0,Zero,,
DATAFLOW,OECD.TAD.ARP:DSD_FISH_FLEET@DF_FISH_FLEET(1.0),Fishing fleet,I,NZL,New Zealand,A,Annual,VES,Vessels,VS,Vessels,_T,Total,2012,,1417,,A,Normal value,,,0,Units,0,Zero,,
DATAFLOW,OECD.TAD.ARP:DSD_FISH_FLEET@DF_FISH_FLEET(1.0),Fishing fleet,I,NZL,New Zealand,A,Annual,VES,Vessels,VS,Vessels,_T,Total,2013,,1367,,A,Normal value,,,0,Units,0,Zero,,
DATAFLOW,OECD.TAD.ARP:DSD_FISH_FLEET@DF_FISH_FLEET(1.0),Fishing fleet,I,NZL,New Zealand,A,Annual,VES,Vessels,VS,Vessels,_T,Total,2014,,1334,,A,Normal value,,,0,Units,0,Zero,,
DATAFLOW,OECD.TAD.ARP:DSD_FISH_FLEET@DF_FISH_FLEET(1.0),Fishing fleet,I,NZL,New Zealand,A,Annual,VES,Vessels,VS,Vessels,_T,Total,2015,,1324,,A,Normal value,,,0,Units,0,Zero,,
DATAFLOW,OECD.TAD.ARP:DSD_FISH_FLEET@DF_FISH_FLEET(1.0),Fishing fleet,I,NZL,New Zealand,A,Annual,VES,Vessels,VS,Vessels,_T,Total,2016,,1254,,A,Normal value,,,0,Units,0,Zero,,
DATAFLOW,OECD.TAD.ARP:DSD_FISH_FLEET@DF_FISH_FLEET(1.0),Fishing fleet,I,NZL,New Zealand,A,Annual,VES,Vessels,VS,Vessels,_T,Total,2017,,1221,,A,Normal value,,,0,Units,0,Zero,,
DATAFLOW,OECD.TAD.ARP:DSD_FISH_FLEET@DF_FISH_FLEET(1.0),Fishing fleet,I,LTU,Lithuania,A,Annual,VES,Vessels,VS,Vessels,_T,Total,2013,,144,,A,Normal value,,,0,Units,0,Zero,,
DATAFLOW,OECD.TAD.ARP:DSD_FISH_FLEET@DF_FISH_FLEET(1.0),Fishing fleet,I,LTU,Lithuania,A,Annual,VES,Vessels,VS,Vessels,_T,Total,2014,,142,,A,Normal value,,,0,Units,0,Zero,,
DATAFLOW,OECD.TAD.ARP:DSD_FISH_FLEET@DF_FISH_FLEET(1.0),Fishing fleet,I,LTU,Lithuania,A,Annual,VES,Vessels,VS,Vessels,_T,Total,2015,,145,,A,Normal value,,,0,Units,0,Zero,,
DATAFLOW,OECD.TAD.ARP:DSD_FISH_FLEET@DF_FISH_FLEET(1.0),Fishing fleet,I,LTU,Lithuania,A,Annual,VES,Vessels,VS,Vessels,_T,Total,2016,,142,,A,Normal value,,,0,Units,0,Zero,,
DATAFLOW,OECD.TAD.ARP:DSD_FISH_FLEET@DF_FISH_FLEET(1.0),Fishing fleet,I,LTU,Lithuania,A,Annual,VES,Vessels,VS,Vessels,_T,Total,2017,,144,,A,Normal value,,,0,Units,0,Zero,,
DATAFLOW,OECD.TAD.ARP:DSD_FISH_FLEET@DF_FISH_FLEET(1.0),Fishing fleet,I,LTU,Lithuania,A,Annual,VES,Vessels,VS,Vessels,_T,Total,2018,,143,,A,Normal value,,,0,Units,0,Zero,,
DATAFLOW,OECD.TAD.ARP:DSD_FISH_FLEET@DF_FISH_FLEET(1.0),Fishing fleet,I,LTU,Lithuania,A,Annual,VES,Vessels,VS,Vessels,_T,Total,2019,,138,,A,Normal value,,,0,Units,0,Zero,,
DATAFLOW,OECD.TAD.ARP:DSD_FISH_FLEET@DF_FISH_FLEET(1.0),Fishing fleet,I,LTU,Lithuania,A,Annual,VES,Vessels,VS,Vessels,_T,Total,2020,,139,,A,Normal value,,,0,Units,0,Zero,,
DATAFLOW,OECD.TAD.ARP:DSD_FISH_FLEET@DF_FISH_FLEET(1.0),Fishing fleet,I,NZL,New Zealand,A,Annual,VES,Vessels,VS,Vessels,_T,Total,2019,,1140,,A,Normal value,,,0,Units,0,Zero,,
DATAFLOW,OECD.TAD.ARP:DSD_FISH_FLEET@DF_FISH_FLEET(1.0),Fishing fleet,I,NZL,New Zealand,A,Annual,VES,Vessels,VS,Vessels,_T,Total,2020,,1060,,A,Normal value,,,0,Units,0,Zero,,
DATAFLOW,OECD.TAD.ARP:DSD_FISH_FLEET@DF_FISH_FLEET(1.0),Fishing fleet,I,ARG,Argentina,A,Annual,VES,Vessels,VS,Vessels,_T,Total,2010,,1090,,A,Normal value,,,0,Units,0,Zero,,
DATAFLOW,OECD.TAD.ARP:DSD_FISH_FLEET@DF_FISH_FLEET(1.0),Fishing fleet,I,ARG,Argentina,A,Annual,VES,Vessels,VS,Vessels,_T,Total,2011,,896,,A,Normal value,,,0,Units,0,Zero,,
DATAFLOW,OECD.TAD.ARP:DSD_FISH_FLEET@DF_FISH_FLEET(1.0),Fishing fleet,I,ARG,Argentina,A,Annual,VES,Vessels,VS,Vessels,_T,Total,2012,,1017,,A,Normal value,,,0,Units,0,Zero,,
DATAFLOW,OECD.TAD.ARP:DSD_FISH_FLEET@DF_FISH_FLEET(1.0),Fishing fleet,I,ARG,Argentina,A,Annual,VES,Vessels,VS,Vessels,_T,Total,2013,,902,,A,Normal value,,,0,Units,0,Zero,,
DATAFLOW,OECD.TAD.ARP:DSD_FISH_FLEET@DF_FISH_FLEET(1.0),Fishing fleet,I,ARG,Argentina,A,Annual,VES,Vessels,VS,Vessels,_T,Total,2014,,911,,A,Normal value,,,0,Units,0,Zero,,
DATAFLOW,OECD.TAD.ARP:DSD_FISH_FLEET@DF_FISH_FLEET(1.0),Fishing fleet,I,ARG,Argentina,A,Annual,VES,Vessels,VS,Vessels,_T,Total,2015,,938,,A,Normal value,,,0,Units,0,Zero,,
DATAFLOW,OECD.TAD.ARP:DSD_FISH_FLEET@DF_FISH_FLEET(1.0),Fishing fleet,I,ARG,Argentina,A,Annual,VES,Vessels,VS,Vessels,_T,Total,2016,,925,,A,Normal value,,,0,Units,0,Zero,,
DATAFLOW,OECD.TAD.ARP:DSD_FISH_FLEET@DF_FISH_FLEET(1.0),Fishing fleet,I,ARG,Argentina,A,Annual,VES,Vessels,VS,Vessels,_T,Total,2017,,804,,A,Normal value,,,0,Units,0,Zero,,
DATAFLOW,OECD.TAD.ARP:DSD_FISH_FLEET@DF_FISH_FLEET(1.0),Fishing fleet,I,ARG,Argentina,A,Annual,VES,Vessels,VS,Vessels,_T,Total,2018,,903,,A,Normal value,,,0,Units,0,Zero,,
DATAFLOW,OECD.TAD.ARP:DSD_FISH_FLEET@DF_FISH_FLEET(1.0),Fishing fleet,I,ARG,Argentina,A,Annual,VES,Vessels,VS,Vessels,_T,Total,2019,,874,,A,Normal value,,,0,Units,0,Zero,,
DATAFLOW,OECD.TAD.ARP:DSD_FISH_FLEET@DF_FISH_FLEET(1.0),Fishing fleet,I,ARG,Argentina,A,Annual,VES,Vessels,VS,Vessels,_T,Total,2020,,859,,A,Normal value,,,0,Units,0,Zero,,
DATAFLOW,OECD.TAD.ARP:DSD_FISH_FLEET@DF_FISH_FLEET(1.0),Fishing fleet,I,BEL,Belgium,A,Annual,VES,Vessels,VS,Vessels,_T,Total,2010,,89,,A,Normal value,,,0,Units,0,Zero,,
DATAFLOW,OECD.TAD.ARP:DSD_FISH_FLEET@DF_FISH_FLEET(1.0),Fishing fleet,I,BEL,Belgium,A,Annual,VES,Vessels,VS,Vessels,_T,Total,2011,,86,,A,Normal value,,,0,Units,0,Zero,,
DATAFLOW,OECD.TAD.ARP:DSD_FISH_FLEET@DF_FISH_FLEET(1.0),Fishing fleet,I,BEL,Belgium,A,Annual,VES,Vessels,VS,Vessels,_T,Total,2012,,83,,A,Normal value,,,0,Units,0,Zero,,
DATAFLOW,OECD.TAD.ARP:DSD_FISH_FLEET@DF_FISH_FLEET(1.0),Fishing fleet,I,BEL,Belgium,A,Annual,VES,Vessels,VS,Vessels,_T,Total,2013,,80,,A,Normal value,,,0,Units,0,Zero,,
DATAFLOW,OECD.TAD.ARP:DSD_FISH_FLEET@DF_FISH_FLEET(1.0),Fishing fleet,I,BEL,Belgium,A,Annual,VES,Vessels,VS,Vessels,_T,Total,2014,,79,,A,Normal value,,,0,Units,0,Zero,,
DATAFLOW,OECD.TAD.ARP:DSD_FISH_FLEET@DF_FISH_FLEET(1.0),Fishing fleet,I,BEL,Belgium,A,Annual,VES,Vessels,VS,Vessels,_T,Total,2015,,76,,A,Normal value,,,0,Units,0,Zero,,
DATAFLOW,OECD.TAD.ARP:DSD_FISH_FLEET@DF_FISH_FLEET(1.0),Fishing fleet,I,BEL,Belgium,A,Annual,VES,Vessels,VS,Vessels,_T,Total,2016,,72,,A,Normal value,,,0,Units,0,Zero,,
DATAFLOW,OECD.TAD.ARP:DSD_FISH_FLEET@DF_FISH_FLEET(1.0),Fishing fleet,I,BEL,Belgium,A,Annual,VES,Vessels,VS,Vessels,_T,Total,2017,,70,,A,Normal value,,,0,Units,0,Zero,,
DATAFLOW,OECD.TAD.ARP:DSD_FISH_FLEET@DF_FISH_FLEET(1.0),Fishing fleet,I,BEL,Belgium,A,Annual,VES,Vessels,VS,Vessels,_T,Total,2018,,68,,A,Normal value,,,0,Units,0,Zero,,
DATAFLOW,OECD.TAD.ARP:DSD_FISH_FLEET@DF_FISH_FLEET(1.0),Fishing fleet,I,BEL,Belgium,A,Annual,VES,Vessels,VS,Vessels,_T,Total,2019,,68,,A,Normal value,,,0,Units,0,Zero,,
DATAFLOW,OECD.TAD.ARP:DSD_FISH_FLEET@DF_FISH_FLEET(1.0),Fishing fleet,I,BEL,Belgium,A,Annual,VES,Vessels,VS,Vessels,_T,Total,2020,,64,,A,Normal value,,,0,Units,0,Zero,,
DATAFLOW,OECD.TAD.ARP:DSD_FISH_FLEET@DF_FISH_FLEET(1.0),Fishing fleet,I,CAN,Canada,A,Annual,VES,Vessels,VS,Vessels,_T,Total,2010,,19906,,A,Normal value,,,0,Units,0,Zero,,
DATAFLOW,OECD.TAD.ARP:DSD_FISH_FLEET@DF_FISH_FLEET(1.0),Fishing fleet,I,CAN,Canada,A,Annual,VES,Vessels,VS,Vessels,_T,Total,2011,,19520,,A,Normal value,,,0,Units,0,Zero,,
DATAFLOW,OECD.TAD.ARP:DSD_FISH_FLEET@DF_FISH_FLEET(1.0),Fishing fleet,I,CAN,Canada,A,Annual,VES,Vessels,VS,Vessels,_T,Total,2012,,18740,,A,Normal value,,,0,Units,0,Zero,,
DATAFLOW,OECD.TAD.ARP:DSD_FISH_FLEET@DF_FISH_FLEET(1.0),Fishing fleet,I,CAN,Canada,A,Annual,VES,Vessels,VS,Vessels,_T,Total,2013,,18452,,A,Normal value,,,0,Units,0,Zero,,
DATAFLOW,OECD.TAD.ARP:DSD_FISH_FLEET@DF_FISH_FLEET(1.0),Fishing fleet,I,CAN,Canada,A,Annual,VES,Vessels,VS,Vessels,_T,Total,2014,,18189,,A,Normal value,,,0,Units,0,Zero,,
DATAFLOW,OECD.TAD.ARP:DSD_FISH_FLEET@DF_FISH_FLEET(1.0),Fishing fleet,I,CAN,Canada,A,Annual,VES,Vessels,VS,Vessels,_T,Total,2015,,17856,,A,Normal value,,,0,Units,0,Zero,,
DATAFLOW,OECD.TAD.ARP:DSD_FISH_FLEET@DF_FISH_FLEET(1.0),Fishing fleet,I,CAN,Canada,A,Annual,VES,Vessels,VS,Vessels,_T,Total,2016,,17703,,A,Normal value,,,0,Units,0,Zero,,
DATAFLOW,OECD.TAD.ARP:DSD_FISH_FLEET@DF_FISH_FLEET(1.0),Fishing fleet,I,CAN,Canada,A,Annual,VES,Vessels,VS,Vessels,_T,Total,2017,,17522,,A,Normal value,,,0,Units,0,Zero,,
DATAFLOW,OECD.TAD.ARP:DSD_FISH_FLEET@DF_FISH_FLEET(1.0),Fishing fleet,I,CAN,Canada,A,Annual,VES,Vessels,VS,Vessels,_T,Total,2018,,18430,,A,Normal value,,,0,Units,0,Zero,,
DATAFLOW,OECD.TAD.ARP:DSD_FISH_FLEET@DF_FISH_FLEET(1.0),Fishing fleet,I,CAN,Canada,A,Annual,VES,Vessels,VS,Vessels,_T,Total,2019,,16911,,A,Normal value,,,0,Units,0,Zero,,
DATAFLOW,OECD.TAD.ARP:DSD_FISH_FLEET@DF_FISH_FLEET(1.0),Fishing fleet,I,CAN,Canada,A,Annual,VES,Vessels,VS,Vessels,_T,Total,2020,,16891,,A,Normal value,,,0,Units,0,Zero,,
DATAFLOW,OECD.TAD.ARP:DSD_FISH_FLEET@DF_FISH_FLEET(1.0),Fishing fleet,I,FIN,Finland,A,Annual,VES,Vessels,VS,Vessels,_T,Total,2010,,3366,,A,Normal value,,,0,Units,0,Zero,,
DATAFLOW,OECD.TAD.ARP:DSD_FISH_FLEET@DF_FISH_FLEET(1.0),Fishing fleet,I,FIN,Finland,A,Annual,VES,Vessels,VS,Vessels,_T,Total,2011,,3332,,A,Normal value,,,0,Units,0,Zero,,
DATAFLOW,OECD.TAD.ARP:DSD_FISH_FLEET@DF_FISH_FLEET(1.0),Fishing fleet,I,FIN,Finland,A,Annual,VES,Vessels,VS,Vessels,_T,Total,2012,,3241,,A,Normal value,,,0,Units,0,Zero,,
DATAFLOW,OECD.TAD.ARP:DSD_FISH_FLEET@DF_FISH_FLEET(1.0),Fishing fleet,I,FIN,Finland,A,Annual,VES,Vessels,VS,Vessels,_T,Total,2013,,3211,,A,Normal value,,,0,Units,0,Zero,,
DATAFLOW,OECD.TAD.ARP:DSD_FISH_FLEET@DF_FISH_FLEET(1.0),Fishing fleet,I,FIN,Finland,A,Annual,VES,Vessels,VS,Vessels,_T,Total,2014,,3179,,A,Normal value,,,0,Units,0,Zero,,
DATAFLOW,OECD.TAD.ARP:DSD_FISH_FLEET@DF_FISH_FLEET(1.0),Fishing fleet,I,FIN,Finland,A,Annual,VES,Vessels,VS,Vessels,_T,Total,2015,,2723,,A,Normal value,,,0,Units,0,Zero,,
DATAFLOW,OECD.TAD.ARP:DSD_FISH_FLEET@DF_FISH_FLEET(1.0),Fishing fleet,I,FIN,Finland,A,Annual,VES,Vessels,VS,Vessels,_T,Total,2016,,3093,,A,Normal value,,,0,Units,0,Zero,,
DATAFLOW,OECD.TAD.ARP:DSD_FISH_FLEET@DF_FISH_FLEET(1.0),Fishing fleet,I,FIN,Finland,A,Annual,VES,Vessels,VS,Vessels,_T,Total,2017,,3224,,A,Normal value,,,0,Units,0,Zero,,
DATAFLOW,OECD.TAD.ARP:DSD_FISH_FLEET@DF_FISH_FLEET(1.0),Fishing fleet,I,FIN,Finland,A,Annual,VES,Vessels,VS,Vessels,_T,Total,2018,,3245,,A,Normal value,,,0,Units,0,Zero,,
DATAFLOW,OECD.TAD.ARP:DSD_FISH_FLEET@DF_FISH_FLEET(1.0),Fishing fleet,I,FIN,Finland,A,Annual,VES,Vessels,VS,Vessels,_T,Total,2019,,3207,,A,Normal value,,,0,Units,0,Zero,,
DATAFLOW,OECD.TAD.ARP:DSD_FISH_FLEET@DF_FISH_FLEET(1.0),Fishing fleet,I,FIN,Finland,A,Annual,VES,Vessels,VS,Vessels,_T,Total,2020,,3137,,A,Normal value,,,0,Units,0,Zero,,
DATAFLOW,OECD.TAD.ARP:DSD_FISH_FLEET@DF_FISH_FLEET(1.0),Fishing fleet,I,IRL,Ireland,A,Annual,VES,Vessels,VS,Vessels,_T,Total,2010,,2144,,A,Normal value,,,0,Units,0,Zero,,
DATAFLOW,OECD.TAD.ARP:DSD_FISH_FLEET@DF_FISH_FLEET(1.0),Fishing fleet,I,IRL,Ireland,A,Annual,VES,Vessels,VS,Vessels,_T,Total,2011,,2187,,A,Normal value,,,0,Units,0,Zero,,
DATAFLOW,OECD.TAD.ARP:DSD_FISH_FLEET@DF_FISH_FLEET(1.0),Fishing fleet,I,IRL,Ireland,A,Annual,VES,Vessels,VS,Vessels,_T,Total,2012,,2246,,A,Normal value,,,0,Units,0,Zero,,
DATAFLOW,OECD.TAD.ARP:DSD_FISH_FLEET@DF_FISH_FLEET(1.0),Fishing fleet,I,IRL,Ireland,A,Annual,VES,Vessels,VS,Vessels,_T,Total,2013,,2193,,A,Normal value,,,0,Units,0,Zero,,
DATAFLOW,OECD.TAD.ARP:DSD_FISH_FLEET@DF_FISH_FLEET(1.0),Fishing fleet,I,IRL,Ireland,A,Annual,VES,Vessels,VS,Vessels,_T,Total,2014,,2157,,A,Normal value,,,0,Units,0,Zero,,
DATAFLOW,OECD.TAD.ARP:DSD_FISH_FLEET@DF_FISH_FLEET(1.0),Fishing fleet,I,IRL,Ireland,A,Annual,VES,Vessels,VS,Vessels,_T,Total,2015,,2141,,A,Normal value,,,0,Units,0,Zero,,
DATAFLOW,OECD.TAD.ARP:DSD_FISH_FLEET@DF_FISH_FLEET(1.0),Fishing fleet,I,IRL,Ireland,A,Annual,VES,Vessels,VS,Vessels,_T,Total,2016,,2114,,A,Normal value,,,0,Units,0,Zero,,
DATAFLOW,OECD.TAD.ARP:DSD_FISH_FLEET@DF_FISH_FLEET(1.0),Fishing fleet,I,IRL,Ireland,A,Annual,VES,Vessels,VS,Vessels,_T,Total,2017,,2022,,A,Normal value,,,0,Units,0,Zero,,
DATAFLOW,OECD.TAD.ARP:DSD_FISH_FLEET@DF_FISH_FLEET(1.0),Fishing fleet,I,IRL,Ireland,A,Annual,VES,Vessels,VS,Vessels,_T,Total,2018,,2035,,A,Normal value,,,0,Units,0,Zero,,
DATAFLOW,OECD.TAD.ARP:DSD_FISH_FLEET@DF_FISH_FLEET(1.0),Fishing fleet,I,IRL,Ireland,A,Annual,VES,Vessels,VS,Vessels,_T,Total,2019,,2039,,A,Normal value,,,0,Units,0,Zero,,
DATAFLOW,OECD.TAD.ARP:DSD_FISH_FLEET@DF_FISH_FLEET(1.0),Fishing fleet,I,IRL,Ireland,A,Annual,VES,Vessels,VS,Vessels,_T,Total,2020,,2033,,A,Normal value,,,0,Units,0,Zero,,
DATAFLOW,OECD.TAD.ARP:DSD_FISH_FLEET@DF_FISH_FLEET(1.0),Fishing fleet,I,MEX,Mexico,A,Annual,VES,Vessels,VS,Vessels,_T,Total,2010,,94111,,A,Normal value,,,0,Units,0,Zero,,
DATAFLOW,OECD.TAD.ARP:DSD_FISH_FLEET@DF_FISH_FLEET(1.0),Fishing fleet,I,MEX,Mexico,A,Annual,VES,Vessels,VS,Vessels,_T,Total,2011,,82069,,A,Normal value,,,0,Units,0,Zero,,
DATAFLOW,OECD.TAD.ARP:DSD_FISH_FLEET@DF_FISH_FLEET(1.0),Fishing fleet,I,MEX,Mexico,A,Annual,VES,Vessels,VS,Vessels,_T,Total,2012,,71654,,A,Normal value,,,0,Units,0,Zero,,
DATAFLOW,OECD.TAD.ARP:DSD_FISH_FLEET@DF_FISH_FLEET(1.0),Fishing fleet,I,MEX,Mexico,A,Annual,VES,Vessels,VS,Vessels,_T,Total,2013,,76096,,A,Normal value,,,0,Units,0,Zero,,
DATAFLOW,OECD.TAD.ARP:DSD_FISH_FLEET@DF_FISH_FLEET(1.0),Fishing fleet,I,MEX,Mexico,A,Annual,VES,Vessels,VS,Vessels,_T,Total,2014,,75741,,A,Normal value,,,0,Units,0,Zero,,
DATAFLOW,OECD.TAD.ARP:DSD_FISH_FLEET@DF_FISH_FLEET(1.0),Fishing fleet,I,MEX,Mexico,A,Annual,VES,Vessels,VS,Vessels,_T,Total,2015,,76285,,A,Normal value,,,0,Units,0,Zero,,
DATAFLOW,OECD.TAD.ARP:DSD_FISH_FLEET@DF_FISH_FLEET(1.0),Fishing fleet,I,MEX,Mexico,A,Annual,VES,Vessels,VS,Vessels,_T,Total,2016,,75997,,A,Normal value,,,0,Units,0,Zero,,
DATAFLOW,OECD.TAD.ARP:DSD_FISH_FLEET@DF_FISH_FLEET(1.0),Fishing fleet,I,MEX,Mexico,A,Annual,VES,Vessels,VS,Vessels,_T,Total,2017,,76306,,A,Normal value,,,0,Units,0,Zero,,
DATAFLOW,OECD.TAD.ARP:DSD_FISH_FLEET@DF_FISH_FLEET(1.0),Fishing fleet,I,MEX,Mexico,A,Annual,VES,Vessels,VS,Vessels,_T,Total,2018,,77483,,A,Normal value,,,0,Units,0,Zero,,
DATAFLOW,OECD.TAD.ARP:DSD_FISH_FLEET@DF_FISH_FLEET(1.0),Fishing fleet,I,MEX,Mexico,A,Annual,VES,Vessels,VS,Vessels,_T,Total,2019,,76879,,A,Normal value,,,0,Units,0,Zero,,
DATAFLOW,OECD.TAD.ARP:DSD_FISH_FLEET@DF_FISH_FLEET(1.0),Fishing fleet,I,MEX,Mexico,A,Annual,VES,Vessels,VS,Vessels,_T,Total,2020,,76842,,A,Normal value,,,0,Units,0,Zero,,
DATAFLOW,OECD.TAD.ARP:DSD_FISH_FLEET@DF_FISH_FLEET(1.0),Fishing fleet,I,EST,Estonia,A,Annual,VES,Vessels,VS,Vessels,_T,Total,2010,,934,,A,Normal value,,,0,Units,0,Zero,,
DATAFLOW,OECD.TAD.ARP:DSD_FISH_FLEET@DF_FISH_FLEET(1.0),Fishing fleet,I,EST,Estonia,A,Annual,VES,Vessels,VS,Vessels,_T,Total,2011,,923,,A,Normal value,,,0,Units,0,Zero,,
DATAFLOW,OECD.TAD.ARP:DSD_FISH_FLEET@DF_FISH_FLEET(1.0),Fishing fleet,I,EST,Estonia,A,Annual,VES,Vessels,VS,Vessels,_T,Total,2012,,1360,,A,Normal value,,,0,Units,0,Zero,,
DATAFLOW,OECD.TAD.ARP:DSD_FISH_FLEET@DF_FISH_FLEET(1.0),Fishing fleet,I,EST,Estonia,A,Annual,VES,Vessels,VS,Vessels,_T,Total,2013,,1445,,A,Normal value,,,0,Units,0,Zero,,
DATAFLOW,OECD.TAD.ARP:DSD_FISH_FLEET@DF_FISH_FLEET(1.0),Fishing fleet,I,EST,Estonia,A,Annual,VES,Vessels,VS,Vessels,_T,Total,2014,,1515,,A,Normal value,,,0,Units,0,Zero,,
DATAFLOW,OECD.TAD.ARP:DSD_FISH_FLEET@DF_FISH_FLEET(1.0),Fishing fleet,I,EST,Estonia,A,Annual,VES,Vessels,VS,Vessels,_T,Total,2015,,1538,,A,Normal value,,,0,Units,0,Zero,,
DATAFLOW,OECD.TAD.ARP:DSD_FISH_FLEET@DF_FISH_FLEET(1.0),Fishing fleet,I,EST,Estonia,A,Annual,VES,Vessels,VS,Vessels,_T,Total,2016,,1557,,A,Normal value,,,0,Units,0,Zero,,
DATAFLOW,OECD.TAD.ARP:DSD_FISH_FLEET@DF_FISH_FLEET(1.0),Fishing fleet,I,EST,Estonia,A,Annual,VES,Vessels,VS,Vessels,_T,Total,2017,,1595,,A,Normal value,,,0,Units,0,Zero,,
DATAFLOW,OECD.TAD.ARP:DSD_FISH_FLEET@DF_FISH_FLEET(1.0),Fishing fleet,I,EST,Estonia,A,Annual,VES,Vessels,VS,Vessels,_T,Total,2018,,1665,,A,Normal value,,,0,Units,0,Zero,,
DATAFLOW,OECD.TAD.ARP:DSD_FISH_FLEET@DF_FISH_FLEET(1.0),Fishing fleet,I,EST,Estonia,A,Annual,VES,Vessels,VS,Vessels,_T,Total,2019,,1742,,A,Normal value,,,0,Units,0,Zero,,
DATAFLOW,OECD.TAD.ARP:DSD_FISH_FLEET@DF_FISH_FLEET(1.0),Fishing fleet,I,EST,Estonia,A,Annual,VES,Vessels,VS,Vessels,_T,Total,2020,,1828,,A,Normal value,,,0,Units,0,Zero,,
DATAFLOW,OECD.TAD.ARP:DSD_FISH_FLEET@DF_FISH_FLEET(1.0),Fishing fleet,I,SVN,Slovenia,A,Annual,VES,Vessels,VS,Vessels,_T,Total,2010,,182,,A,Normal value,,,0,Units,0,Zero,,
DATAFLOW,OECD.TAD.ARP:DSD_FISH_FLEET@DF_FISH_FLEET(1.0),Fishing fleet,I,SVN,Slovenia,A,Annual,VES,Vessels,VS,Vessels,_T,Total,2011,,182,,A,Normal value,,,0,Units,0,Zero,,
DATAFLOW,OECD.TAD.ARP:DSD_FISH_FLEET@DF_FISH_FLEET(1.0),Fishing fleet,I,SVN,Slovenia,A,Annual,VES,Vessels,VS,Vessels,_T,Total,2012,,174,,A,Normal value,,,0,Units,0,Zero,,
DATAFLOW,OECD.TAD.ARP:DSD_FISH_FLEET@DF_FISH_FLEET(1.0),Fishing fleet,I,SVN,Slovenia,A,Annual,VES,Vessels,VS,Vessels,_T,Total,2013,,170,,A,Normal value,,,0,Units,0,Zero,,
DATAFLOW,OECD.TAD.ARP:DSD_FISH_FLEET@DF_FISH_FLEET(1.0),Fishing fleet,I,SVN,Slovenia,A,Annual,VES,Vessels,VS,Vessels,_T,Total,2014,,169,,A,Normal value,,,0,Units,0,Zero,,
DATAFLOW,OECD.TAD.ARP:DSD_FISH_FLEET@DF_FISH_FLEET(1.0),Fishing fleet,I,SVN,Slovenia,A,Annual,VES,Vessels,VS,Vessels,_T,Total,2015,,168,,A,Normal value,,,0,Units,0,Zero,,
DATAFLOW,OECD.TAD.ARP:DSD_FISH_FLEET@DF_FISH_FLEET(1.0),Fishing fleet,I,SVN,Slovenia,A,Annual,VES,Vessels,VS,Vessels,_T,Total,2016,,170,,A,Normal value,,,0,Units,0,Zero,,
DATAFLOW,OECD.TAD.ARP:DSD_FISH_FLEET@DF_FISH_FLEET(1.0),Fishing fleet,I,SVN,Slovenia,A,Annual,VES,Vessels,VS,Vessels,_T,Total,2017,,170,,A,Normal value,,,0,Units,0,Zero,,
DATAFLOW,OECD.TAD.ARP:DSD_FISH_FLEET@DF_FISH_FLEET(1.0),Fishing fleet,I,SVN,Slovenia,A,Annual,VES,Vessels,VS,Vessels,_T,Total,2018,,134,,A,Normal value,,,0,Units,0,Zero,,
DATAFLOW,OECD.TAD.ARP:DSD_FISH_FLEET@DF_FISH_FLEET(1.0),Fishing fleet,I,SVN,Slovenia,A,Annual,VES,Vessels,VS,Vessels,_T,Total,2019,,137,,A,Normal value,,,0,Units,0,Zero,,
DATAFLOW,OECD.TAD.ARP:DSD_FISH_FLEET@DF_FISH_FLEET(1.0),Fishing fleet,I,SVN,Slovenia,A,Annual,VES,Vessels,VS,Vessels,_T,Total,2020,,136,,A,Normal value,,,0,Units,0,Zero,,
DATAFLOW,OECD.TAD.ARP:DSD_FISH_FLEET@DF_FISH_FLEET(1.0),Fishing fleet,I,PER,Peru,A,Annual,VES,Vessels,VS,Vessels,_T,Total,2021,,15827,,A,Normal value,,,0,Units,0,Zero,,
DATAFLOW,OECD.TAD.ARP:DSD_FISH_FLEET@DF_FISH_FLEET(1.0),Fishing fleet,I,USA,United States,A,Annual,VES,Vessels,VS,Vessels,_T,Total,2010,,77695,,E,Estimated value,,,0,Units,0,Zero,,
DATAFLOW,OECD.TAD.ARP:DSD_FISH_FLEET@DF_FISH_FLEET(1.0),Fishing fleet,I,USA,United States,A,Annual,VES,Vessels,VS,Vessels,_T,Total,2011,,77695,,E,Estimated value,,,0,Units,0,Zero,,
DATAFLOW,OECD.TAD.ARP:DSD_FISH_FLEET@DF_FISH_FLEET(1.0),Fishing fleet,I,USA,United States,A,Annual,VES,Vessels,VS,Vessels,_T,Total,2012,,77695,,E,Estimated value,,,0,Units,0,Zero,,
DATAFLOW,OECD.TAD.ARP:DSD_FISH_FLEET@DF_FISH_FLEET(1.0),Fishing fleet,I,USA,United States,A,Annual,VES,Vessels,VS,Vessels,_T,Total,2013,,77695,,E,Estimated value,,,0,Units,0,Zero,,
DATAFLOW,OECD.TAD.ARP:DSD_FISH_FLEET@DF_FISH_FLEET(1.0),Fishing fleet,I,USA,United States,A,Annual,VES,Vessels,VS,Vessels,_T,Total,2014,,75862,,E,Estimated value,,,0,Units,0,Zero,,
DATAFLOW,OECD.TAD.ARP:DSD_FISH_FLEET@DF_FISH_FLEET(1.0),Fishing fleet,I,USA,United States,A,Annual,VES,Vessels,VS,Vessels,_T,Total,2015,,75231,,A,Normal value,,,0,Units,0,Zero,,
DATAFLOW,OECD.TAD.ARP:DSD_FISH_FLEET@DF_FISH_FLEET(1.0),Fishing fleet,I,USA,United States,A,Annual,VES,Vessels,VS,Vessels,_T,Total,2016,,75231,,E,Estimated value,,,0,Units,0,Zero,,
DATAFLOW,OECD.TAD.ARP:DSD_FISH_FLEET@DF_FISH_FLEET(1.0),Fishing fleet,I,USA,United States,A,Annual,VES,Vessels,VS,Vessels,_T,Total,2017,,75231,,E,Estimated value,,,0,Units,0,Zero,,
DATAFLOW,OECD.TAD.ARP:DSD_FISH_FLEET@DF_FISH_FLEET(1.0),Fishing fleet,I,USA,United States,A,Annual,VES,Vessels,VS,Vessels,_T,Total,2018,,75231,,E,Estimated value,,,0,Units,0,Zero,,
DATAFLOW,OECD.TAD.ARP:DSD_FISH_FLEET@DF_FISH_FLEET(1.0),Fishing fleet,I,USA,United States,A,Annual,VES,Vessels,VS,Vessels,_T,Total,2019,,75231,,E,Estimated value,,,0,Units,0,Zero,,
DATAFLOW,OECD.TAD.ARP:DSD_FISH_FLEET@DF_FISH_FLEET(1.0),Fishing fleet,I,USA,United States,A,Annual,VES,Vessels,VS,Vessels,_T,Total,2020,,75231,,E,Estimated value,,,0,Units,0,Zero,,
DATAFLOW,OECD.TAD.ARP:DSD_FISH_FLEET@DF_FISH_FLEET(1.0),Fishing fleet,I,GRC,Greece,A,Annual,VES,Vessels,VS,Vessels,_T,Total,2010,,16913,,A,Normal value,,,0,Units,0,Zero,,
DATAFLOW,OECD.TAD.ARP:DSD_FISH_FLEET@DF_FISH_FLEET(1.0),Fishing fleet,I,GRC,Greece,A,Annual,VES,Vessels,VS,Vessels,_T,Total,2011,,16403,,A,Normal value,,,0,Units,0,Zero,,
DATAFLOW,OECD.TAD.ARP:DSD_FISH_FLEET@DF_FISH_FLEET(1.0),Fishing fleet,I,GRC,Greece,A,Annual,VES,Vessels,VS,Vessels,_T,Total,2012,,15854,,A,Normal value,,,0,Units,0,Zero,,
DATAFLOW,OECD.TAD.ARP:DSD_FISH_FLEET@DF_FISH_FLEET(1.0),Fishing fleet,I,GRC,Greece,A,Annual,VES,Vessels,VS,Vessels,_T,Total,2013,,15683,,A,Normal value,,,0,Units,0,Zero,,
DATAFLOW,OECD.TAD.ARP:DSD_FISH_FLEET@DF_FISH_FLEET(1.0),Fishing fleet,I,GRC,Greece,A,Annual,VES,Vessels,VS,Vessels,_T,Total,2014,,15603,,A,Normal value,,,0,Units,0,Zero,,
DATAFLOW,OECD.TAD.ARP:DSD_FISH_FLEET@DF_FISH_FLEET(1.0),Fishing fleet,I,GRC,Greece,A,Annual,VES,Vessels,VS,Vessels,_T,Total,2015,,15351,,A,Normal value,,,0,Units,0,Zero,,
DATAFLOW,OECD.TAD.ARP:DSD_FISH_FLEET@DF_FISH_FLEET(1.0),Fishing fleet,I,GRC,Greece,A,Annual,VES,Vessels,VS,Vessels,_T,Total,2016,,15176,,A,Normal value,,,0,Units,0,Zero,,
DATAFLOW,OECD.TAD.ARP:DSD_FISH_FLEET@DF_FISH_FLEET(1.0),Fishing fleet,I,GRC,Greece,A,Annual,VES,Vessels,VS,Vessels,_T,Total,2017,,14982,,A,Normal value,,,0,Units,0,Zero,,
DATAFLOW,OECD.TAD.ARP:DSD_FISH_FLEET@DF_FISH_FLEET(1.0),Fishing fleet,I,GRC,Greece,A,Annual,VES,Vessels,VS,Vessels,_T,Total,2018,,14745,,A,Normal value,,,0,Units,0,Zero,,
DATAFLOW,OECD.TAD.ARP:DSD_FISH_FLEET@DF_FISH_FLEET(1.0),Fishing fleet,I,GRC,Greece,A,Annual,VES,Vessels,VS,Vessels,_T,Total,2019,,14694,,A,Normal value,,,0,Units,0,Zero,,
DATAFLOW,OECD.TAD.ARP:DSD_FISH_FLEET@DF_FISH_FLEET(1.0),Fishing fleet,I,GRC,Greece,A,Annual,VES,Vessels,VS,Vessels,_T,Total,2020,,14625,,A,Normal value,,,0,Units,0,Zero,,
DATAFLOW,OECD.TAD.ARP:DSD_FISH_FLEET@DF_FISH_FLEET(1.0),Fishing fleet,I,KOR,Korea,A,Annual,VES,Vessels,VS,Vessels,_T,Total,2010,,76974,,A,Normal value,,,0,Units,0,Zero,,
DATAFLOW,OECD.TAD.ARP:DSD_FISH_FLEET@DF_FISH_FLEET(1.0),Fishing fleet,I,KOR,Korea,A,Annual,VES,Vessels,VS,Vessels,_T,Total,2011,,75629,,A,Normal value,,,0,Units,0,Zero,,
DATAFLOW,OECD.TAD.ARP:DSD_FISH_FLEET@DF_FISH_FLEET(1.0),Fishing fleet,I,KOR,Korea,A,Annual,VES,Vessels,VS,Vessels,_T,Total,2012,,75031,,A,Normal value,,,0,Units,0,Zero,,
DATAFLOW,OECD.TAD.ARP:DSD_FISH_FLEET@DF_FISH_FLEET(1.0),Fishing fleet,I,KOR,Korea,A,Annual,VES,Vessels,VS,Vessels,_T,Total,2013,,71287,,A,Normal value,,,0,Units,0,Zero,,
DATAFLOW,OECD.TAD.ARP:DSD_FISH_FLEET@DF_FISH_FLEET(1.0),Fishing fleet,I,KOR,Korea,A,Annual,VES,Vessels,VS,Vessels,_T,Total,2014,,68417,,A,Normal value,,,0,Units,0,Zero,,
DATAFLOW,OECD.TAD.ARP:DSD_FISH_FLEET@DF_FISH_FLEET(1.0),Fishing fleet,I,KOR,Korea,A,Annual,VES,Vessels,VS,Vessels,_T,Total,2015,,67226,,A,Normal value,,,0,Units,0,Zero,,
DATAFLOW,OECD.TAD.ARP:DSD_FISH_FLEET@DF_FISH_FLEET(1.0),Fishing fleet,I,KOR,Korea,A,Annual,VES,Vessels,VS,Vessels,_T,Total,2016,,66970,,A,Normal value,,,0,Units,0,Zero,,
DATAFLOW,OECD.TAD.ARP:DSD_FISH_FLEET@DF_FISH_FLEET(1.0),Fishing fleet,I,KOR,Korea,A,Annual,VES,Vessels,VS,Vessels,_T,Total,2017,,66736,,A,Normal value,,,0,Units,0,Zero,,
DATAFLOW,OECD.TAD.ARP:DSD_FISH_FLEET@DF_FISH_FLEET(1.0),Fishing fleet,I,KOR,Korea,A,Annual,VES,Vessels,VS,Vessels,_T,Total,2018,,65906,,A,Normal value,,,0,Units,0,Zero,,
DATAFLOW,OECD.TAD.ARP:DSD_FISH_FLEET@DF_FISH_FLEET(1.0),Fishing fleet,I,KOR,Korea,A,Annual,VES,Vessels,VS,Vessels,_T,Total,2019,,65835,,A,Normal value,,,0,Units,0,Zero,,
DATAFLOW,OECD.TAD.ARP:DSD_FISH_FLEET@DF_FISH_FLEET(1.0),Fishing fleet,I,KOR,Korea,A,Annual,VES,Vessels,VS,Vessels,_T,Total,2020,,65744,,A,Normal value,,,0,Units,0,Zero,,
DATAFLOW,OECD.TAD.ARP:DSD_FISH_FLEET@DF_FISH_FLEET(1.0),Fishing fleet,I,NOR,Norway,A,Annual,VES,Vessels,VS,Vessels,_T,Total,2010,,6310,,A,Normal value,,,0,Units,0,Zero,,
DATAFLOW,OECD.TAD.ARP:DSD_FISH_FLEET@DF_FISH_FLEET(1.0),Fishing fleet,I,NOR,Norway,A,Annual,VES,Vessels,VS,Vessels,_T,Total,2011,,6250,,A,Normal value,,,0,Units,0,Zero,,
DATAFLOW,OECD.TAD.ARP:DSD_FISH_FLEET@DF_FISH_FLEET(1.0),Fishing fleet,I,NOR,Norway,A,Annual,VES,Vessels,VS,Vessels,_T,Total,2012,,6211,,A,Normal value,,,0,Units,0,Zero,,
DATAFLOW,OECD.TAD.ARP:DSD_FISH_FLEET@DF_FISH_FLEET(1.0),Fishing fleet,I,NOR,Norway,A,Annual,VES,Vessels,VS,Vessels,_T,Total,2013,,6126,,A,Normal value,,,0,Units,0,Zero,,
DATAFLOW,OECD.TAD.ARP:DSD_FISH_FLEET@DF_FISH_FLEET(1.0),Fishing fleet,I,NOR,Norway,A,Annual,VES,Vessels,VS,Vessels,_T,Total,2014,,5939,,A,Normal value,,,0,Units,0,Zero,,
DATAFLOW,OECD.TAD.ARP:DSD_FISH_FLEET@DF_FISH_FLEET(1.0),Fishing fleet,I,NOR,Norway,A,Annual,VES,Vessels,VS,Vessels,_T,Total,2015,,5884,,A,Normal value,,,0,Units,0,Zero,,
DATAFLOW,OECD.TAD.ARP:DSD_FISH_FLEET@DF_FISH_FLEET(1.0),Fishing fleet,I,NOR,Norway,A,Annual,VES,Vessels,VS,Vessels,_T,Total,2016,,5947,,A,Normal value,,,0,Units,0,Zero,,
DATAFLOW,OECD.TAD.ARP:DSD_FISH_FLEET@DF_FISH_FLEET(1.0),Fishing fleet,I,NOR,Norway,A,Annual,VES,Vessels,VS,Vessels,_T,Total,2017,,6134,,A,Normal value,,,0,Units,0,Zero,,
DATAFLOW,OECD.TAD.ARP:DSD_FISH_FLEET@DF_FISH_FLEET(1.0),Fishing fleet,I,NOR,Norway,A,Annual,VES,Vessels,VS,Vessels,_T,Total,2018,,6018,,A,Normal value,,,0,Units,0,Zero,,
DATAFLOW,OECD.TAD.ARP:DSD_FISH_FLEET@DF_FISH_FLEET(1.0),Fishing fleet,I,NOR,Norway,A,Annual,VES,Vessels,VS,Vessels,_T,Total,2019,,5982,,A,Normal value,,,0,Units,0,Zero,,
DATAFLOW,OECD.TAD.ARP:DSD_FISH_FLEET@DF_FISH_FLEET(1.0),Fishing fleet,I,NOR,Norway,A,Annual,VES,Vessels,VS,Vessels,_T,Total,2020,,5839,,A,Normal value,,,0,Units,0,Zero,,
DATAFLOW,OECD.TAD.ARP:DSD_FISH_FLEET@DF_FISH_FLEET(1.0),Fishing fleet,I,ESP,Spain,A,Annual,VES,Vessels,VS,Vessels,_T,Total,2014,,9632,,A,Normal value,,,0,Units,0,Zero,,
DATAFLOW,OECD.TAD.ARP:DSD_FISH_FLEET@DF_FISH_FLEET(1.0),Fishing fleet,I,ESP,Spain,A,Annual,VES,Vessels,VS,Vessels,_T,Total,2015,,9397,,A,Normal value,,,0,Units,0,Zero,,
DATAFLOW,OECD.TAD.ARP:DSD_FISH_FLEET@DF_FISH_FLEET(1.0),Fishing fleet,I,ESP,Spain,A,Annual,VES,Vessels,VS,Vessels,_T,Total,2016,,9244,,A,Normal value,,,0,Units,0,Zero,,
DATAFLOW,OECD.TAD.ARP:DSD_FISH_FLEET@DF_FISH_FLEET(1.0),Fishing fleet,I,ESP,Spain,A,Annual,VES,Vessels,VS,Vessels,_T,Total,2017,,9145,,A,Normal value,,,0,Units,0,Zero,,
DATAFLOW,OECD.TAD.ARP:DSD_FISH_FLEET@DF_FISH_FLEET(1.0),Fishing fleet,I,ESP,Spain,A,Annual,VES,Vessels,VS,Vessels,_T,Total,2018,,8973,,A,Normal value,,,0,Units,0,Zero,,
DATAFLOW,OECD.TAD.ARP:DSD_FISH_FLEET@DF_FISH_FLEET(1.0),Fishing fleet,I,ESP,Spain,A,Annual,VES,Vessels,VS,Vessels,_T,Total,2019,,8883,,A,Normal value,,,0,Units,0,Zero,,
DATAFLOW,OECD.TAD.ARP:DSD_FISH_FLEET@DF_FISH_FLEET(1.0),Fishing fleet,I,ESP,Spain,A,Annual,VES,Vessels,VS,Vessels,_T,Total,2020,,8839,,A,Normal value,,,0,Units,0,Zero,,
DATAFLOW,OECD.TAD.ARP:DSD_FISH_FLEET@DF_FISH_FLEET(1.0),Fishing fleet,I,FRA,France,A,Annual,VES,Vessels,VS,Vessels,_T,Total,2010,,7216,,A,Normal value,,,0,Units,0,Zero,,
DATAFLOW,OECD.TAD.ARP:DSD_FISH_FLEET@DF_FISH_FLEET(1.0),Fishing fleet,I,FRA,France,A,Annual,VES,Vessels,VS,Vessels,_T,Total,2011,,7205,,A,Normal value,,,0,Units,0,Zero,,
DATAFLOW,OECD.TAD.ARP:DSD_FISH_FLEET@DF_FISH_FLEET(1.0),Fishing fleet,I,FRA,France,A,Annual,VES,Vessels,VS,Vessels,_T,Total,2012,,7138,,A,Normal value,,,0,Units,0,Zero,,
DATAFLOW,OECD.TAD.ARP:DSD_FISH_FLEET@DF_FISH_FLEET(1.0),Fishing fleet,I,FRA,France,A,Annual,VES,Vessels,VS,Vessels,_T,Total,2013,,7120,,A,Normal value,,,0,Units,0,Zero,,
DATAFLOW,OECD.TAD.ARP:DSD_FISH_FLEET@DF_FISH_FLEET(1.0),Fishing fleet,I,FRA,France,A,Annual,VES,Vessels,VS,Vessels,_T,Total,2014,,7066,,A,Normal value,,,0,Units,0,Zero,,
DATAFLOW,OECD.TAD.ARP:DSD_FISH_FLEET@DF_FISH_FLEET(1.0),Fishing fleet,I,FRA,France,A,Annual,VES,Vessels,VS,Vessels,_T,Total,2015,,6904,,A,Normal value,,,0,Units,0,Zero,,
DATAFLOW,OECD.TAD.ARP:DSD_FISH_FLEET@DF_FISH_FLEET(1.0),Fishing fleet,I,FRA,France,A,Annual,VES,Vessels,VS,Vessels,_T,Total,2016,,6833,,A,Normal value,,,0,Units,0,Zero,,
DATAFLOW,OECD.TAD.ARP:DSD_FISH_FLEET@DF_FISH_FLEET(1.0),Fishing fleet,I,FRA,France,A,Annual,VES,Vessels,VS,Vessels,_T,Total,2017,,6509,,A,Normal value,,,0,Units,0,Zero,,
